filename,state,spin,dump,heating,wjet,pos,trial,mode,fnu_86_jy,fnu_230_jy,fnu_345_jy,fnu_nir_2p2um_jy,L_x_2_10_keV,L_x_nbins,L_x_npos_bins,L_bol_mode
spectrum_Ma+0.94_4000_CRITBETA_rh20_bc0.01_f0.5_pos0.h5,MAD,0.94,4000,CRITBETA,OFF,0,,baseline_4pi,0.5562897075688801,0.500543128297035,0.44633715162445675,1.6037463281094065e-06,2.228717511292218e+38,9,9,2.3416241512483822e+41
spectrum_Ma+0.94_4000_CRITBETA_rh20_bc0.01_f0.5_pos0.h5,MAD,0.94,4000,CRITBETA,OFF,0,,cone_renorm_4pi_equiv,0.34689519313609113,0.2449060413701873,0.19530402407428007,8.17719178195797e-07,8.268981019523452e+37,9,9,8.263145142155814e+40
spectrum_Ma+0.94_4000_CRITBETA_rh20_bc0.01_f0.5_pos0.h5,MAD,0.94,4000,CRITBETA,OFF,0,,cone_physical,0.031181337370864034,0.022013847557497586,0.01755527544066706,7.350225103853147e-08,7.432731614181783e+36,9,9,7.42748592428305e+39
spectrum_Ma+0.94_4000_CRITBETA_rh20_bc0.01_f0.5_pos1.h5,MAD,0.94,4000,CRITBETA,OFF,1,,baseline_4pi,0.6059343319641308,0.5167970762668076,0.4398978841105664,2.8890266233476997e-06,2.016963886660952e+38,9,9,2.118529560095533e+41
spectrum_Ma+0.94_4000_CRITBETA_rh20_bc0.01_f0.5_pos1.h5,MAD,0.94,4000,CRITBETA,OFF,1,,cone_renorm_4pi_equiv,0.3574494787881049,0.23409913969455348,0.185252731716042,1.5756963589594517e-06,2.4070859779058644e+37,9,9,7.249249312952788e+40
spectrum_Ma+0.94_4000_CRITBETA_rh20_bc0.01_f0.5_pos1.h5,MAD,0.94,4000,CRITBETA,OFF,1,,cone_physical,0.032130029506516666,0.02104244854779873,0.016651795818473356,1.4163447846762624e-07,2.163655231979923e+36,9,9,6.516126282096001e+39
spectrum_Ma+0.94_4000_CRITBETAwJET_rh20_bc0.01_f0.5_pos0.h5,MAD,0.94,4000,CRITBETA,ON,0,,baseline_4pi,1.2291184603620147,0.5253692594468974,0.3511602657321438,2.1149154348427824e-05,3.9101407760929705e+40,9,9,4.68393965782597e+41
spectrum_Ma+0.94_4000_CRITBETAwJET_rh20_bc0.01_f0.5_pos0.h5,MAD,0.94,4000,CRITBETA,ON,0,,cone_renorm_4pi_equiv,0.5826282576261881,0.18635096045428792,0.10922206842446948,7.96662604532613e-06,7.204638357305802e+39,9,9,1.5722379027776044e+41
spectrum_Ma+0.94_4000_CRITBETAwJET_rh20_bc0.01_f0.5_pos0.h5,MAD,0.94,4000,CRITBETA,ON,0,,cone_physical,0.0523706543714305,0.016750512207386214,0.009817634349723853,7.160954067454379e-07,6.4760268720727665e+38,9,9,1.413236085244206e+40
spectrum_Ma+0.94_4000_CRITBETAwJET_rh20_bc0.01_f0.5_pos1.h5,MAD,0.94,4000,CRITBETA,ON,1,,baseline_4pi,1.3013418350199484,0.515699767682651,0.34910473598888747,3.863665146531901e-05,6.702474995469639e+40,9,9,5.917854724932406e+41
spectrum_Ma+0.94_4000_CRITBETAwJET_rh20_bc0.01_f0.5_pos1.h5,MAD,0.94,4000,CRITBETA,ON,1,,cone_renorm_4pi_equiv,0.5660264038138078,0.16850279614213642,0.12379739594867972,1.3480887953686523e-05,1.1224512695577828e+40,9,9,1.8189199120052756e+41
spectrum_Ma+0.94_4000_CRITBETAwJET_rh20_bc0.01_f0.5_pos1.h5,MAD,0.94,4000,CRITBETA,ON,1,,cone_physical,0.05087836501444736,0.015146195849363123,0.011127765518491428,1.21175537643673e-06,1.0089367743041958e+39,9,9,1.6349709234676052e+40
spectrum_Ma+0.94_4000_RBETA_rh20_pos0.h5,MAD,0.94,4000,RBETA,OFF,0,,baseline_4pi,1.4175947697146771,0.5193365585890071,0.3016545049066979,8.473822855201858e-05,1.2760883996041031e+39,9,9,1.9809482375183385e+41
spectrum_Ma+0.94_4000_RBETA_rh20_pos0.h5,MAD,0.94,4000,RBETA,OFF,0,,cone_renorm_4pi_equiv,0.6444402731309751,0.15590679961296813,0.07769250631710714,3.363135974474175e-05,2.815052794305566e+38,9,9,8.548532067792873e+40
spectrum_Ma+0.94_4000_RBETA_rh20_pos0.h5,MAD,0.94,4000,RBETA,OFF,0,,cone_physical,0.05792674551124547,0.014013980629695482,0.006983539404973262,3.0230190420375243e-06,2.5303640013714276e+37,9,9,7.684011416293304e+39
spectrum_Ma+0.94_4000_RBETA_rh20_pos1.h5,MAD,0.94,4000,RBETA,OFF,1,,baseline_4pi,1.5725864374801128,0.5177775249486207,0.2950509735519506,0.00017496165108064972,4.5792439720296495e+39,9,9,2.4741792627205455e+41
spectrum_Ma+0.94_4000_RBETA_rh20_pos1.h5,MAD,0.94,4000,RBETA,OFF,1,,cone_renorm_4pi_equiv,0.7168191329367313,0.13894429142990888,0.06578750565067351,6.929757156298421e-05,1.034119602738888e+39,9,9,9.97355540172675e+40
spectrum_Ma+0.94_4000_RBETA_rh20_pos1.h5,MAD,0.94,4000,RBETA,OFF,1,,cone_physical,0.06443265764487471,0.012489273165373502,0.0059134356689586895,6.228944651416084e-06,9.295381675172123e+37,9,9,8.964920872980808e+39
spectrum_Ma+0.94_4000_RBETAwJET_rh80_pos0.h5,MAD,0.94,4000,RBETA,ON,0,,baseline_4pi,1.2254519884048578,0.5014081745811002,0.3445971642817266,4.458974080858766e-05,1.36752493768363e+41,9,9,8.881716951945311e+41
spectrum_Ma+0.94_4000_RBETAwJET_rh80_pos0.h5,MAD,0.94,4000,RBETA,ON,0,,cone_renorm_4pi_equiv,0.5388400738871975,0.17104684543564191,0.13381273446716882,1.332540656074344e-05,2.875449155944966e+40,9,9,2.6666409829023652e+41
spectrum_Ma+0.94_4000_RBETAwJET_rh80_pos0.h5,MAD,0.94,4000,RBETA,ON,0,,cone_physical,0.04843466979441966,0.015374872581928229,0.012028013361089529,1.197779634298533e-06,2.5846524252387487e+39,9,9,2.396961208460176e+40
spectrum_Ma+0.94_4000_RBETAwJET_rh80_pos1.h5,MAD,0.94,4000,RBETA,ON,1,,baseline_4pi,1.3140593290147236,0.5243252865360578,0.3708099447480532,7.533892923780702e-05,2.5136635449879984e+41,9,9,1.2873606198297574e+42
spectrum_Ma+0.94_4000_RBETAwJET_rh80_pos1.h5,MAD,0.94,4000,RBETA,ON,1,,cone_renorm_4pi_equiv,0.536154401552797,0.19722798994565935,0.1324972843393619,2.2999110295893778e-05,5.125497606010751e+40,9,9,3.554850813318846e+41
spectrum_Ma+0.94_4000_RBETAwJET_rh80_pos1.h5,MAD,0.94,4000,RBETA,ON,1,,cone_physical,0.04819326300417428,0.01772821478982077,0.011909771612453934,2.0673189815133374e-06,4.6071514742459374e+39,9,9,3.1953455887092536e+40
spectrum_Ma+0.94_5000_CRITBETA_rh20_bc0.01_f0.5_pos0.h5,MAD,0.94,5000,CRITBETA,OFF,0,,baseline_4pi,0.5622988634541163,0.5270987843379734,0.45827377586779977,1.608296683320056e-06,2.093695722870264e+38,9,9,2.357481090277509e+41
spectrum_Ma+0.94_5000_CRITBETA_rh20_bc0.01_f0.5_pos0.h5,MAD,0.94,5000,CRITBETA,OFF,0,,cone_renorm_4pi_equiv,0.3518723877842942,0.26595850879985666,0.19826082663358066,7.534585680128623e-07,5.126128847850053e+37,9,9,8.393162491801227e+40
spectrum_Ma+0.94_5000_CRITBETA_rh20_bc0.01_f0.5_pos0.h5,MAD,0.94,5000,CRITBETA,OFF,0,,cone_physical,0.03162872202351097,0.02390618882483858,0.017821053289322396,6.772606328667185e-08,4.607718878036576e+36,9,9,7.544354503715015e+39
spectrum_Ma+0.94_5000_CRITBETA_rh20_bc0.01_f0.5_pos1.h5,MAD,0.94,5000,CRITBETA,OFF,1,,baseline_4pi,0.6044923246046903,0.5149060738173494,0.41967002041374324,2.8018245713163387e-06,1.5638484343473698e+38,9,9,2.0352967655323878e+41
spectrum_Ma+0.94_5000_CRITBETA_rh20_bc0.01_f0.5_pos1.h5,MAD,0.94,5000,CRITBETA,OFF,1,,cone_renorm_4pi_equiv,0.36537187744941707,0.24262128639374314,0.18502139005330906,1.523770069416708e-06,4.659855660263251e+37,9,9,7.2243447184331335e+40
spectrum_Ma+0.94_5000_CRITBETA_rh20_bc0.01_f0.5_pos1.h5,MAD,0.94,5000,CRITBETA,OFF,1,,cone_physical,0.03284214945032904,0.021808477990147266,0.01663100123101194,1.3696698469807644e-07,4.188600312636666e+36,9,9,6.493740311371489e+39
spectrum_Ma+0.94_5000_CRITBETAwJET_rh20_bc0.01_f0.5_pos0.h5,MAD,0.94,5000,CRITBETA,ON,0,,baseline_4pi,1.1061882238406615,0.5187705539244815,0.3493557894027647,1.660612874993158e-05,3.1987877155349263e+40,9,9,3.989808123378603e+41
spectrum_Ma+0.94_5000_CRITBETAwJET_rh20_bc0.01_f0.5_pos0.h5,MAD,0.94,5000,CRITBETA,ON,0,,cone_renorm_4pi_equiv,0.5127269761461688,0.1952086312920485,0.14285083442535074,4.531874491521027e-06,4.3453875478132875e+39,9,9,1.4116748561058428e+41
spectrum_Ma+0.94_5000_CRITBETAwJET_rh20_bc0.01_f0.5_pos0.h5,MAD,0.94,5000,CRITBETA,ON,0,,cone_physical,0.046087444100398806,0.017546700878135313,0.01284042024813769,4.0735619933220727e-07,3.905934640102129e+38,9,9,1.2689109222950075e+40
spectrum_Ma+0.94_5000_CRITBETAwJET_rh20_bc0.01_f0.5_pos1.h5,MAD,0.94,5000,CRITBETA,ON,1,,baseline_4pi,1.1822173502028859,0.5190376289205612,0.35630950066199824,2.9210065153121044e-05,5.188652468016813e+40,9,9,4.8512215839993175e+41
spectrum_Ma+0.94_5000_CRITBETAwJET_rh20_bc0.01_f0.5_pos1.h5,MAD,0.94,5000,CRITBETA,ON,1,,cone_renorm_4pi_equiv,0.4880000056106324,0.18770760797983613,0.1494677458483366,9.468368889021107e-06,8.095170525473511e+39,9,9,1.5355899047469748e+41
spectrum_Ma+0.94_5000_CRITBETAwJET_rh20_bc0.01_f0.5_pos1.h5,MAD,0.94,5000,CRITBETA,ON,1,,cone_physical,0.043864813099209074,0.016872457062848283,0.013435193976675069,8.510824321642745e-07,7.27649872999069e+38,9,9,1.3802943318509407e+40
spectrum_Ma+0.94_5000_RBETA_rh20_pos0.h5,MAD,0.94,5000,RBETA,OFF,0,,baseline_4pi,1.3921302651368102,0.5253221002411396,0.30112330108652885,7.960908132914417e-05,1.1727728088009476e+39,9,9,1.8871117280486762e+41
spectrum_Ma+0.94_5000_RBETA_rh20_pos0.h5,MAD,0.94,5000,RBETA,OFF,0,,cone_renorm_4pi_equiv,0.5748535270255262,0.14363676938257766,0.06256029262314426,2.906321050489635e-05,2.7472666486418007e+38,9,9,7.457961376609384e+40
spectrum_Ma+0.94_5000_RBETA_rh20_pos0.h5,MAD,0.94,5000,RBETA,OFF,0,,cone_physical,0.05167180785345146,0.012911065513733038,0.005623351458597323,2.6124022176291384e-06,2.469433128910961e+37,9,9,6.703731109116259e+39
spectrum_Ma+0.94_5000_RBETA_rh20_pos1.h5,MAD,0.94,5000,RBETA,OFF,1,,baseline_4pi,1.5620262070828614,0.5275714553718733,0.29715002825458625,0.00016210381338886245,4.320868655493674e+39,9,9,2.3500185033416585e+41
spectrum_Ma+0.94_5000_RBETA_rh20_pos1.h5,MAD,0.94,5000,RBETA,OFF,1,,cone_renorm_4pi_equiv,0.6139717916343269,0.13468704078027322,0.05637758147889949,6.123145695590986e-05,9.639104524779443e+38,9,9,8.721362917918625e+40
spectrum_Ma+0.94_5000_RBETA_rh20_pos1.h5,MAD,0.94,5000,RBETA,OFF,1,,cone_physical,0.05518802782497244,0.012106602054890453,0.005067606651895244,5.503906525169785e-06,8.664293310696192e+37,9,9,7.839363728821605e+39
spectrum_Ma+0.94_5000_RBETAwJET_rh80_pos0.h5,MAD,0.94,5000,RBETA,ON,0,,baseline_4pi,1.1482198383176623,0.5101786940171421,0.35975949798950735,3.8892679736747696e-05,1.0625088035798263e+41,9,9,7.456638554596847e+41
spectrum_Ma+0.94_5000_RBETAwJET_rh80_pos0.h5,MAD,0.94,5000,RBETA,ON,0,,cone_renorm_4pi_equiv,0.48253366745230464,0.18975795386880953,0.158397890977479,1.1260726415853615e-05,2.256501212438558e+40,9,9,2.4274101829440797e+41
spectrum_Ma+0.94_5000_RBETAwJET_rh80_pos0.h5,MAD,0.94,5000,RBETA,ON,0,,cone_physical,0.04337346084737439,0.01705675632140262,0.014237897137607385,1.0121919137575994e-06,2.0282992377818004e+39,9,9,2.1819240320852786e+40
spectrum_Ma+0.94_5000_RBETAwJET_rh80_pos1.h5,MAD,0.94,5000,RBETA,ON,1,,baseline_4pi,1.195359200452704,0.5225547803111299,0.37330311672771893,5.944282681003256e-05,1.799082932608006e+41,9,9,9.942391456276402e+41
spectrum_Ma+0.94_5000_RBETAwJET_rh80_pos1.h5,MAD,0.94,5000,RBETA,ON,1,,cone_renorm_4pi_equiv,0.47328724332507177,0.22439613942116635,0.16050513149841913,1.9273535189877973e-05,3.119793679241167e+40,9,9,2.877144627324719e+41
spectrum_Ma+0.94_5000_RBETAwJET_rh80_pos1.h5,MAD,0.94,5000,RBETA,ON,1,,cone_physical,0.04254232834427211,0.02017027582525721,0.014427310478884825,1.7324385433298167e-06,2.804286169562002e+39,9,9,2.586176432089832e+40
spectrum_Ma+0.94_6000_CRITBETA_rh20_bc0.01_f0.5_pos0.h5,MAD,0.94,6000,CRITBETA,OFF,0,,baseline_4pi,0.5597955828097574,0.515251066622636,0.4438302187694849,1.6694448474776967e-06,1.6420573171185047e+38,9,9,2.3147205805737566e+41
spectrum_Ma+0.94_6000_CRITBETA_rh20_bc0.01_f0.5_pos0.h5,MAD,0.94,6000,CRITBETA,OFF,0,,cone_renorm_4pi_equiv,0.3250693359572137,0.2527160852584536,0.20002148608422377,7.352235169302041e-07,1.840556552603936e+37,9,9,8.092642770077109e+40
spectrum_Ma+0.94_6000_CRITBETA_rh20_bc0.01_f0.5_pos0.h5,MAD,0.94,6000,CRITBETA,OFF,0,,cone_physical,0.029219478487925058,0.022715868277818577,0.017979313528760664,6.608697087191985e-08,1.6544194313578337e+36,9,9,7.274226608745836e+39
spectrum_Ma+0.94_6000_CRITBETA_rh20_bc0.01_f0.5_pos1.h5,MAD,0.94,6000,CRITBETA,OFF,1,,baseline_4pi,0.597751332961295,0.5143164275227684,0.42513741305665187,2.933252673232836e-06,1.5651923178373479e+38,9,9,2.0480296435404266e+41
spectrum_Ma+0.94_6000_CRITBETA_rh20_bc0.01_f0.5_pos1.h5,MAD,0.94,6000,CRITBETA,OFF,1,,cone_renorm_4pi_equiv,0.35518794778695684,0.2344264842604099,0.18852159144983488,1.364515905071508e-06,5.844051058186023e+37,9,9,7.135238584643906e+40
spectrum_Ma+0.94_6000_CRITBETA_rh20_bc0.01_f0.5_pos1.h5,MAD,0.94,6000,CRITBETA,OFF,1,,cone_physical,0.03192674747056813,0.021071872539674238,0.016945623522616384,1.226521197924259e-07,5.2530369766860443e+36,9,9,6.413645560147728e+39
spectrum_Ma+0.94_6000_CRITBETAwJET_rh20_bc0.01_f0.5_pos0.h5,MAD,0.94,6000,CRITBETA,ON,0,,baseline_4pi,1.28612305787183,0.529999203966589,0.31812682360704775,1.6787942889265753e-05,1.8192996424134662e+40,9,9,2.9857849012426964e+41
spectrum_Ma+0.94_6000_CRITBETAwJET_rh20_bc0.01_f0.5_pos0.h5,MAD,0.94,6000,CRITBETA,ON,0,,cone_renorm_4pi_equiv,0.5342924768521019,0.14571396246163962,0.08279303515472881,5.644026459994023e-06,3.641699837637353e+39,9,9,1.0478541405332683e+41
spectrum_Ma+0.94_6000_CRITBETAwJET_rh20_bc0.01_f0.5_pos0.h5,MAD,0.94,6000,CRITBETA,ON,0,,cone_physical,0.04802590034421161,0.013097777983274939,0.007442010186934514,5.073241044020888e-07,3.2734114939506484e+38,9,9,9.418837192882753e+39
spectrum_Ma+0.94_6000_CRITBETAwJET_rh20_bc0.01_f0.5_pos1.h5,MAD,0.94,6000,CRITBETA,ON,1,,baseline_4pi,1.4420084213497613,0.5313963648652388,0.31445506180422456,3.47494941596436e-05,3.1377071938783085e+40,9,9,3.727790362947894e+41
spectrum_Ma+0.94_6000_CRITBETAwJET_rh20_bc0.01_f0.5_pos1.h5,MAD,0.94,6000,CRITBETA,ON,1,,cone_renorm_4pi_equiv,0.5474199433153449,0.1232050727996665,0.0818666126700232,1.1120838004315388e-05,6.533694505371881e+39,9,9,1.233685816252503e+41
spectrum_Ma+0.94_6000_CRITBETAwJET_rh20_bc0.01_f0.5_pos1.h5,MAD,0.94,6000,CRITBETA,ON,1,,cone_physical,0.04920588775457188,0.0110745234202802,0.0073587369314523365,9.996177765520241e-07,5.8729361686552924e+38,9,9,1.1089220723542176e+40
spectrum_Ma+0.94_6000_RBETA_rh20_pos0.h5,MAD,0.94,6000,RBETA,OFF,0,,baseline_4pi,1.44272620762628,0.5252714988815369,0.2944881144134097,8.484098768489543e-05,1.1897178051956205e+39,9,9,1.81861804134677e+41
spectrum_Ma+0.94_6000_RBETA_rh20_pos0.h5,MAD,0.94,6000,RBETA,OFF,0,,cone_renorm_4pi_equiv,0.42620503808149446,0.08549533564665504,0.03687444819817587,2.3188121553367502e-05,1.6096579284652145e+38,9,9,5.053968145839829e+40
spectrum_Ma+0.94_6000_RBETA_rh20_pos0.h5,MAD,0.94,6000,RBETA,OFF,0,,cone_physical,0.038310254349264924,0.007684911630896426,0.0033145302453951647,2.08430861960229e-06,1.4468717904508218e+37,9,9,4.542855852003912e+39
spectrum_Ma+0.94_6000_RBETA_rh20_pos1.h5,MAD,0.94,6000,RBETA,OFF,1,,baseline_4pi,1.6011988541372533,0.5294978570663516,0.2832370778591504,0.00017250692982535048,4.4081091946866897e+39,9,9,2.2596173779585023e+41
spectrum_Ma+0.94_6000_RBETA_rh20_pos1.h5,MAD,0.94,6000,RBETA,OFF,1,,cone_renorm_4pi_equiv,0.43879770660569634,0.07902246775882049,0.028528842152985893,4.5936326246010515e-05,6.090016649902824e+38,9,9,5.860979721609785e+40
spectrum_Ma+0.94_6000_RBETA_rh20_pos1.h5,MAD,0.94,6000,RBETA,OFF,1,,cone_physical,0.03944217042484616,0.007103085530791258,0.002564369497110305,4.129074471473001e-06,5.474127849338665e+37,9,9,5.2682536293205757e+39
spectrum_Ma+0.94_6000_RBETAwJET_rh80_pos0.h5,MAD,0.94,6000,RBETA,ON,0,,baseline_4pi,1.3349761657065828,0.5085468943981796,0.30852650629975015,4.004161259126872e-05,5.748900469101528e+40,9,9,4.9472860092391784e+41
spectrum_Ma+0.94_6000_RBETAwJET_rh80_pos0.h5,MAD,0.94,6000,RBETA,ON,0,,cone_renorm_4pi_equiv,0.4735431557457934,0.13202333197814836,0.06966304568157673,1.1014976918079502e-05,1.2651274653177561e+40,9,9,1.5051207720803098e+41
spectrum_Ma+0.94_6000_RBETAwJET_rh80_pos0.h5,MAD,0.94,6000,RBETA,ON,0,,cone_physical,0.04256533152127142,0.011867169498717179,0.006261795991006948,9.901022505093433e-07,1.1371839994837567e+39,9,9,1.352906569671596e+40
spectrum_Ma+0.94_6000_RBETAwJET_rh80_pos1.h5,MAD,0.94,6000,RBETA,ON,1,,baseline_4pi,1.4569294527219414,0.5205317370527437,0.30785003497489993,7.5971416471308e-05,1.099597956939835e+41,9,9,6.97532377031975e+41
spectrum_Ma+0.94_6000_RBETAwJET_rh80_pos1.h5,MAD,0.94,6000,RBETA,ON,1,,cone_renorm_4pi_equiv,0.46936476645734376,0.11689325922624871,0.054976876526267544,2.2772433892462312e-05,2.511633820660416e+40,9,9,1.9380798201730874e+41
spectrum_Ma+0.94_6000_RBETAwJET_rh80_pos1.h5,MAD,0.94,6000,RBETA,ON,1,,cone_physical,0.04218974901494699,0.010507173995010052,0.004941701610403585,2.0469437397998043e-06,2.2576300584067275e+39,9,9,1.7420800841357398e+40
spectrum_Ma-0.5_4000_CRITBETA_rh20_bc0.01_f0.5_pos0.h5,MAD,-0.5,4000,CRITBETA,OFF,0,,baseline_4pi,0.8411772245007421,0.49064898993037986,0.34794036129916595,2.9812896786678404e-06,5.246635256961929e+37,9,9,1.5385532373565895e+41
spectrum_Ma-0.5_4000_CRITBETA_rh20_bc0.01_f0.5_pos0.h5,MAD,-0.5,4000,CRITBETA,OFF,0,,cone_renorm_4pi_equiv,0.6814378514625244,0.394890753525054,0.2731578633128304,2.6802499806082732e-06,5.609797181859286e+37,9,9,1.3634995032307847e+41
spectrum_Ma-0.5_4000_CRITBETA_rh20_bc0.01_f0.5_pos0.h5,MAD,-0.5,4000,CRITBETA,OFF,0,,cone_physical,0.06125234354398739,0.035495510038586205,0.024553316563600353,2.409193916123576e-07,5.0424734032291164e+36,9,9,1.2256075857057255e+40
spectrum_Ma-0.5_4000_CRITBETA_rh20_bc0.01_f0.5_pos1.h5,MAD,-0.5,4000,CRITBETA,OFF,1,,baseline_4pi,0.9067251863672089,0.5047508848567394,0.34190174487284963,5.939649559972139e-06,6.422785720453749e+37,9,9,1.5204782312056e+41
spectrum_Ma-0.5_4000_CRITBETA_rh20_bc0.01_f0.5_pos1.h5,MAD,-0.5,4000,CRITBETA,OFF,1,,cone_renorm_4pi_equiv,0.6928289373207431,0.40007750235559997,0.2734671669705729,5.4132939317057585e-06,1.127269071253743e+38,9,9,1.3563779011971241e+41
spectrum_Ma-0.5_4000_CRITBETA_rh20_bc0.01_f0.5_pos1.h5,MAD,-0.5,4000,CRITBETA,OFF,1,,cone_physical,0.06227625306534604,0.03596173086938262,0.024581118913972865,4.865842701543243e-07,1.0132673474294542e+37,9,9,1.2192061976200318e+40
spectrum_Ma-0.5_4000_CRITBETAwJET_rh20_bc0.01_f0.5_pos0.h5,MAD,-0.5,4000,CRITBETA,ON,0,,baseline_4pi,1.7852667252374013,0.5343563683909398,0.3075758654083288,4.133998717466967e-05,3.263391552533419e+40,9,9,4.480223475673558e+41
spectrum_Ma-0.5_4000_CRITBETAwJET_rh20_bc0.01_f0.5_pos0.h5,MAD,-0.5,4000,CRITBETA,ON,0,,cone_renorm_4pi_equiv,1.1217319180116967,0.30347077938271083,0.17799265540031226,2.5171728358733515e-05,2.194713675270302e+40,9,9,3.1694195775734348e+41
spectrum_Ma-0.5_4000_CRITBETAwJET_rh20_bc0.01_f0.5_pos0.h5,MAD,-0.5,4000,CRITBETA,ON,0,,cone_physical,0.10082901714197917,0.02727805095419427,0.015999209984428147,2.262608908084507e-06,1.9727603292042363e+39,9,9,2.84889335665622e+40
spectrum_Ma-0.5_4000_CRITBETAwJET_rh20_bc0.01_f0.5_pos1.h5,MAD,-0.5,4000,CRITBETA,ON,1,,baseline_4pi,1.8022780845857875,0.5053086456173018,0.30112984561704775,7.929436715282376e-05,5.644551239470532e+40,9,9,5.650022028465829e+41
spectrum_Ma-0.5_4000_CRITBETAwJET_rh20_bc0.01_f0.5_pos1.h5,MAD,-0.5,4000,CRITBETA,ON,1,,cone_renorm_4pi_equiv,1.1326839999143172,0.2967408921906303,0.20244664790102418,4.4259106819421036e-05,3.6752538062364263e+40,9,9,3.943451476097782e+41
spectrum_Ma-0.5_4000_CRITBETAwJET_rh20_bc0.01_f0.5_pos1.h5,MAD,-0.5,4000,CRITBETA,ON,1,,cone_physical,0.10181346595382816,0.0266731221827489,0.01819730383328162,3.9783143980552744e-06,3.303572119860752e+39,9,9,3.5446467208208684e+40
spectrum_Ma-0.5_4000_RBETA_rh20_pos0.h5,MAD,-0.5,4000,RBETA,OFF,0,,baseline_4pi,2.1872675201472407,0.5228092702235817,0.25243071022771113,0.00014314468624727864,1.168533341002417e+39,9,9,2.5614930159239867e+41
spectrum_Ma-0.5_4000_RBETA_rh20_pos0.h5,MAD,-0.5,4000,RBETA,OFF,0,,cone_renorm_4pi_equiv,1.3883873276106884,0.3078977805348382,0.14644667723348428,8.810382731223003e-05,7.065956559485201e+38,9,9,1.6755192123626329e+41
spectrum_Ma-0.5_4000_RBETA_rh20_pos0.h5,MAD,-0.5,4000,RBETA,OFF,0,,cone_physical,0.12479784822696383,0.027675980412996348,0.013163639450800499,7.919380889227923e-06,6.351370087816156e+37,9,9,1.506072464127438e+40
spectrum_Ma-0.5_4000_RBETA_rh20_pos1.h5,MAD,-0.5,4000,RBETA,OFF,1,,baseline_4pi,2.4042609718202272,0.5322391659827964,0.2451639416743683,0.00030627339858703184,4.736960230486702e+39,9,9,3.3500827718298885e+41
spectrum_Ma-0.5_4000_RBETA_rh20_pos1.h5,MAD,-0.5,4000,RBETA,OFF,1,,cone_renorm_4pi_equiv,1.4365454992957583,0.33127661906456385,0.1424025177250326,0.00019344878323921218,2.9018907830766143e+39,9,9,2.1647298774064628e+41
spectrum_Ma-0.5_4000_RBETA_rh20_pos1.h5,MAD,-0.5,4000,RBETA,OFF,1,,cone_physical,0.12912663752179576,0.029777431992489244,0.01280012244477168,1.738851357273954e-05,2.6084199871000936e+38,9,9,1.9458088194874273e+40
spectrum_Ma-0.5_4000_RBETAwJET_rh80_pos0.h5,MAD,-0.5,4000,RBETA,ON,0,,baseline_4pi,1.7863925040520936,0.5191382603376107,0.3281432456734468,6.446536577792657e-05,1.2535396428307433e+41,9,9,8.653209954269676e+41
spectrum_Ma-0.5_4000_RBETAwJET_rh80_pos0.h5,MAD,-0.5,4000,RBETA,ON,0,,cone_renorm_4pi_equiv,1.129124634014148,0.29886449084913197,0.22974456914616911,4.033826913979714e-05,8.47587524475969e+40,9,9,6.1064844107224906e+41
spectrum_Ma-0.5_4000_RBETAwJET_rh80_pos0.h5,MAD,-0.5,4000,RBETA,ON,0,,cone_physical,0.10149352554774708,0.026864005906482365,0.020651029652232963,3.6258824102854533e-06,7.61870244239801e+39,9,9,5.488930210859405e+40
spectrum_Ma-0.5_4000_RBETAwJET_rh80_pos1.h5,MAD,-0.5,4000,RBETA,ON,1,,baseline_4pi,1.774824926535417,0.5036145135087486,0.3290739966342645,0.00011861193130300258,2.2339916925483908e+41,9,9,1.2005529212893899e+42
spectrum_Ma-0.5_4000_RBETAwJET_rh80_pos1.h5,MAD,-0.5,4000,RBETA,ON,1,,cone_renorm_4pi_equiv,1.0930353957536953,0.28574024855969626,0.20526075890222592,7.465100833937303e-05,1.4554396363527836e+41,9,9,8.267878331987403e+41
spectrum_Ma-0.5_4000_RBETAwJET_rh80_pos1.h5,MAD,-0.5,4000,RBETA,ON,1,,cone_physical,0.09824957539818363,0.025684308307146325,0.018450255578545804,6.710148546774423e-06,1.3082497313890337e+40,9,9,7.431740442417039e+40
spectrum_Ma-0.5_5000_CRITBETA_rh20_bc0.01_f0.5_pos0.h5,MAD,-0.5,5000,CRITBETA,OFF,0,,baseline_4pi,0.8437084804486651,0.5017802529902688,0.3608600706623801,3.0425034266342714e-06,2.8879347734022086e+37,9,9,1.6002770187055852e+41
spectrum_Ma-0.5_5000_CRITBETA_rh20_bc0.01_f0.5_pos0.h5,MAD,-0.5,5000,CRITBETA,OFF,0,,cone_renorm_4pi_equiv,0.6684379092171628,0.3956012081820886,0.2866444188303944,2.4892747135068456e-06,2.0535446661576458e+37,9,9,1.3190738186794726e+41
spectrum_Ma-0.5_5000_CRITBETA_rh20_bc0.01_f0.5_pos0.h5,MAD,-0.5,5000,CRITBETA,OFF,0,,cone_physical,0.06008381889165719,0.03555937061315176,0.025765581379847233,2.2375321476468844e-07,1.845867867545783e+36,9,9,1.1856747101474705e+40
spectrum_Ma-0.5_5000_CRITBETA_rh20_bc0.01_f0.5_pos1.h5,MAD,-0.5,5000,CRITBETA,OFF,1,,baseline_4pi,0.9211218166506434,0.5066141176325066,0.35449585342986983,5.2755188198250485e-06,3.926517988527722e+37,9,9,1.5758578070063843e+41
spectrum_Ma-0.5_5000_CRITBETA_rh20_bc0.01_f0.5_pos1.h5,MAD,-0.5,5000,CRITBETA,OFF,1,,cone_renorm_4pi_equiv,0.7217591333380399,0.4036380405016628,0.2596544886473165,3.938146604084911e-06,4.54239281308424e+37,9,9,1.2885350083235802e+41
spectrum_Ma-0.5_5000_CRITBETA_rh20_bc0.01_f0.5_pos1.h5,MAD,-0.5,5000,CRITBETA,OFF,1,,cone_physical,0.06487669902155926,0.03628177664502604,0.02333953992609766,3.5398783352330726e-07,4.083016587670087e+36,9,9,1.1582243168455855e+40
spectrum_Ma-0.5_5000_CRITBETAwJET_rh20_bc0.01_f0.5_pos0.h5,MAD,-0.5,5000,CRITBETA,ON,0,,baseline_4pi,1.4995249154907044,0.521101969262435,0.33973763683330654,2.5055136324908135e-05,3.4006965073494986e+40,9,9,4.488805197649786e+41
spectrum_Ma-0.5_5000_CRITBETAwJET_rh20_bc0.01_f0.5_pos0.h5,MAD,-0.5,5000,CRITBETA,ON,0,,cone_renorm_4pi_equiv,1.0443581022805755,0.36211574566161886,0.2341144944327111,1.838202510894463e-05,2.1329978787042934e+40,9,9,3.2107944208806496e+41
spectrum_Ma-0.5_5000_CRITBETAwJET_rh20_bc0.01_f0.5_pos0.h5,MAD,-0.5,5000,CRITBETA,ON,0,,cone_physical,0.09387412384936251,0.032549465821935554,0.021043828737781777,1.6523034559802403e-06,1.9172859060380042e+39,9,9,2.8860839252589616e+40
spectrum_Ma-0.5_5000_CRITBETAwJET_rh20_bc0.01_f0.5_pos1.h5,MAD,-0.5,5000,CRITBETA,ON,1,,baseline_4pi,1.5390886699337385,0.5222344323599478,0.3513530838212876,4.8745321060195785e-05,5.581205800074602e+40,9,9,5.652656961146963e+41
spectrum_Ma-0.5_5000_CRITBETAwJET_rh20_bc0.01_f0.5_pos1.h5,MAD,-0.5,5000,CRITBETA,ON,1,,cone_renorm_4pi_equiv,1.0225357627026495,0.3626484370944579,0.24134813456365878,3.0190235450930797e-05,3.562726760440911e+40,9,9,3.882277137213898e+41
spectrum_Ma-0.5_5000_CRITBETAwJET_rh20_bc0.01_f0.5_pos1.h5,MAD,-0.5,5000,CRITBETA,ON,1,,cone_physical,0.0919125811527074,0.03259734780937897,0.021694038304836842,2.7137070087102104e-06,3.202425034293611e+39,9,9,3.4896589972397685e+40
spectrum_Ma-0.5_5000_RBETA_rh20_pos0.h5,MAD,-0.5,5000,RBETA,OFF,0,,baseline_4pi,2.226410408771206,0.5417911494830869,0.2618389091647631,0.00012758029079050953,1.0867793920291785e+39,9,9,2.627379291383217e+41
spectrum_Ma-0.5_5000_RBETA_rh20_pos0.h5,MAD,-0.5,5000,RBETA,OFF,0,,cone_renorm_4pi_equiv,1.3949739546355688,0.33993491900710243,0.1408695274522753,9.046475893735939e-05,7.095554677978648e+38,9,9,1.7312776453772421e+41
spectrum_Ma-0.5_5000_RBETA_rh20_pos0.h5,MAD,-0.5,5000,RBETA,OFF,0,,cone_physical,0.12538989978450235,0.03055569982931254,0.012662326684476019,8.131597740223089e-06,6.377974922260342e+37,9,9,1.556191997216995e+40
spectrum_Ma-0.5_5000_RBETA_rh20_pos1.h5,MAD,-0.5,5000,RBETA,OFF,1,,baseline_4pi,2.3918986276697236,0.5404640088109502,0.2432687165296951,0.0002683123946111705,4.2999445787860223e+39,9,9,3.2676591136447783e+41
spectrum_Ma-0.5_5000_RBETA_rh20_pos1.h5,MAD,-0.5,5000,RBETA,OFF,1,,cone_renorm_4pi_equiv,1.3906835447453296,0.3049536212266458,0.1504376272433077,0.00017309309409800324,2.5535955187638906e+39,9,9,2.13447356384251e+41
spectrum_Ma-0.5_5000_RBETA_rh20_pos1.h5,MAD,-0.5,5000,RBETA,OFF,1,,cone_physical,0.1250042480923085,0.027411339027128823,0.013522373619358824,1.5558803553438513e-05,2.2953481326582053e+38,9,9,1.918612353825646e+40
spectrum_Ma-0.5_5000_RBETAwJET_rh80_pos0.h5,MAD,-0.5,5000,RBETA,ON,0,,baseline_4pi,1.5283421936837709,0.516568736352953,0.3571496821703331,5.04043149712079e-05,1.2996500441800198e+41,9,9,8.798998684799089e+41
spectrum_Ma-0.5_5000_RBETAwJET_rh80_pos0.h5,MAD,-0.5,5000,RBETA,ON,0,,cone_renorm_4pi_equiv,1.0456677625688893,0.3465883133116125,0.266249239566709,3.153214323019931e-05,8.237293104746435e+40,9,9,6.0337317026130815e+41
spectrum_Ma-0.5_5000_RBETAwJET_rh80_pos0.h5,MAD,-0.5,5000,RBETA,ON,0,,cone_physical,0.09399184516721058,0.031153752891376518,0.023932321715419612,2.834326953909461e-06,7.40424832641095e+39,9,9,5.423535048830927e+40
spectrum_Ma-0.5_5000_RBETAwJET_rh80_pos1.h5,MAD,-0.5,5000,RBETA,ON,1,,baseline_4pi,1.5400903069548428,0.522743126774307,0.37011325134131456,8.61218152815173e-05,2.295772270960884e+41,9,9,1.2053043920311756e+42
spectrum_Ma-0.5_5000_RBETAwJET_rh80_pos1.h5,MAD,-0.5,5000,RBETA,ON,1,,cone_renorm_4pi_equiv,1.0548064735849303,0.3558940484506294,0.24580480032415075,5.3432856892916106e-05,1.4646728580350964e+41,9,9,8.160702967768455e+41
spectrum_Ma-0.5_5000_RBETAwJET_rh80_pos1.h5,MAD,-0.5,5000,RBETA,ON,1,,cone_physical,0.09481329567146768,0.03199021667811961,0.022094634223652473,4.802914454953201e-06,1.3165491891501336e+40,9,9,7.335403818108579e+40
spectrum_Ma-0.5_6000_CRITBETA_rh20_bc0.01_f0.5_pos0.h5,MAD,-0.5,6000,CRITBETA,OFF,0,,baseline_4pi,0.8776991955282016,0.5005788027210507,0.34767207932443805,3.2096773263881296e-06,2.3457485616885022e+37,9,9,1.5280996951625649e+41
spectrum_Ma-0.5_6000_CRITBETA_rh20_bc0.01_f0.5_pos0.h5,MAD,-0.5,6000,CRITBETA,OFF,0,,cone_renorm_4pi_equiv,0.6517775641923301,0.3634761041861438,0.2324937711636978,2.1501757348159274e-06,2.1955330614881945e+37,9,9,1.2393064005101752e+41
spectrum_Ma-0.5_6000_CRITBETA_rh20_bc0.01_f0.5_pos0.h5,MAD,-0.5,6000,CRITBETA,OFF,0,,cone_physical,0.05858627194026285,0.03267174424763257,0.020898146929455057,1.932726550282241e-07,1.9734968501651112e+36,9,9,1.113974241926688e+40
spectrum_Ma-0.5_6000_CRITBETA_rh20_bc0.01_f0.5_pos1.h5,MAD,-0.5,6000,CRITBETA,OFF,1,,baseline_4pi,0.9853742753642889,0.5169452064697586,0.3448366452476079,6.812606877053617e-06,4.663158526272533e+37,9,9,1.54911850233674e+41
spectrum_Ma-0.5_6000_CRITBETA_rh20_bc0.01_f0.5_pos1.h5,MAD,-0.5,6000,CRITBETA,OFF,1,,cone_renorm_4pi_equiv,0.7684883402487059,0.3653673412992098,0.24189604774143336,4.282211766753313e-06,3.652260207781754e+37,9,9,1.2471258364482795e+41
spectrum_Ma-0.5_6000_CRITBETA_rh20_bc0.01_f0.5_pos1.h5,MAD,-0.5,6000,CRITBETA,OFF,1,,cone_physical,0.06907704308681349,0.03284174170979882,0.021743288527913383,3.849147881972389e-07,3.2829038844694354e+36,9,9,1.1210028913533822e+40
spectrum_Ma-0.5_6000_CRITBETAwJET_rh20_bc0.01_f0.5_pos0.h5,MAD,-0.5,6000,CRITBETA,ON,0,,baseline_4pi,1.5978044940338918,0.5061445273038951,0.29864157363615984,2.805276967428696e-05,2.718131041158487e+40,9,9,3.619141054797551e+41
spectrum_Ma-0.5_6000_CRITBETAwJET_rh20_bc0.01_f0.5_pos0.h5,MAD,-0.5,6000,CRITBETA,ON,0,,cone_renorm_4pi_equiv,0.9604039259681177,0.2859635571089146,0.1966937114015176,1.6347547760030023e-05,1.6938247283944949e+40,9,9,2.409476948069681e+41
spectrum_Ma-0.5_6000_CRITBETAwJET_rh20_bc0.01_f0.5_pos0.h5,MAD,-0.5,6000,CRITBETA,ON,0,,cone_physical,0.08632774227046082,0.025704380822847754,0.017680190141844854,1.4694305714747462e-06,1.5225267270411744e+39,9,9,2.1658044012044267e+40
spectrum_Ma-0.5_6000_CRITBETAwJET_rh20_bc0.01_f0.5_pos1.h5,MAD,-0.5,6000,CRITBETA,ON,1,,baseline_4pi,1.7201712113831726,0.5028448350681403,0.29949914069910033,6.046015746010811e-05,4.89370759622441e+40,9,9,4.831200060186041e+41
spectrum_Ma-0.5_6000_CRITBETAwJET_rh20_bc0.01_f0.5_pos1.h5,MAD,-0.5,6000,CRITBETA,ON,1,,cone_renorm_4pi_equiv,1.0631895227482553,0.2945339983223189,0.17437049013513276,3.387507878452058e-05,3.13720665404892e+40,9,9,3.178286193263015e+41
spectrum_Ma-0.5_6000_CRITBETAwJET_rh20_bc0.01_f0.5_pos1.h5,MAD,-0.5,6000,CRITBETA,ON,1,,cone_physical,0.09556682206598197,0.026474751309899958,0.015673624737410102,3.0449261936885576e-06,2.819938154739493e+39,9,9,2.8568632836147107e+40
spectrum_Ma-0.5_6000_RBETA_rh20_pos0.h5,MAD,-0.5,6000,RBETA,OFF,0,,baseline_4pi,2.0026847572255475,0.523955114636405,0.24546788463875804,0.00014269918549492886,1.380705319831854e+39,9,9,2.3947457308164823e+41
spectrum_Ma-0.5_6000_RBETA_rh20_pos0.h5,MAD,-0.5,6000,RBETA,OFF,0,,cone_renorm_4pi_equiv,1.358936718446109,0.3272093917407849,0.1574561461566948,8.112380271699392e-05,7.491588301188823e+38,9,9,1.6194760433957699e+41
spectrum_Ma-0.5_6000_RBETA_rh20_pos0.h5,MAD,-0.5,6000,RBETA,OFF,0,,cone_physical,0.12215062394046888,0.029411841491795876,0.014153246604664957,7.291968039273557e-06,6.733957312903544e+37,9,9,1.4556969906857373e+40
spectrum_Ma-0.5_6000_RBETA_rh20_pos1.h5,MAD,-0.5,6000,RBETA,OFF,1,,baseline_4pi,2.226678882967807,0.5239765921833073,0.2438710456702941,0.00031984261033842843,5.599374429779455e+39,9,9,3.178306603550603e+41
spectrum_Ma-0.5_6000_RBETA_rh20_pos1.h5,MAD,-0.5,6000,RBETA,OFF,1,,cone_renorm_4pi_equiv,1.4579553564548546,0.3257047632959313,0.1516066950659749,0.00018792665927046037,3.411217115242035e+39,9,9,2.106309869084106e+41
spectrum_Ma-0.5_6000_RBETA_rh20_pos1.h5,MAD,-0.5,6000,RBETA,OFF,1,,cone_physical,0.13105110344795773,0.02927659508860234,0.013627457514752285,1.6892146906725127e-05,3.066237694273806e+38,9,9,1.893296878568331e+40
spectrum_Ma-0.5_6000_RBETAwJET_rh80_pos0.h5,MAD,-0.5,6000,RBETA,ON,0,,baseline_4pi,1.674666015927779,0.526208644376633,0.31696358126196134,6.534981300023965e-05,1.0530169208379313e+41,9,9,7.089372176900222e+41
spectrum_Ma-0.5_6000_RBETAwJET_rh80_pos0.h5,MAD,-0.5,6000,RBETA,ON,0,,cone_renorm_4pi_equiv,1.0483735890101893,0.3346571377262006,0.22332500375160755,3.6429896756618764e-05,7.015149022536912e+40,9,9,4.8245927868565095e+41
spectrum_Ma-0.5_6000_RBETAwJET_rh80_pos0.h5,MAD,-0.5,6000,RBETA,ON,0,,cone_physical,0.09423506354787023,0.030081296372747875,0.020073994748599642,3.274570889508507e-06,6.305700762270164e+39,9,9,4.336677427092269e+40
spectrum_Ma-0.5_6000_RBETAwJET_rh80_pos1.h5,MAD,-0.5,6000,RBETA,ON,1,,baseline_4pi,1.8135053442374383,0.5294717934258485,0.33263566670569616,0.00013345956821136665,2.0006604890575305e+41,9,9,1.0649191937324408e+42
spectrum_Ma-0.5_6000_RBETAwJET_rh80_pos1.h5,MAD,-0.5,6000,RBETA,ON,1,,cone_renorm_4pi_equiv,1.1514093929023475,0.3204664734659023,0.20612282299596282,7.14564019278928e-05,1.361840967654365e+41,9,9,7.096303687135438e+41
spectrum_Ma-0.5_6000_RBETAwJET_rh80_pos1.h5,MAD,-0.5,6000,RBETA,ON,1,,cone_physical,0.10349663368781493,0.028805741396569714,0.018527743857063322,6.422995244409662e-06,1.2241167793073324e+40,9,9,6.378648183454901e+40
spectrum_Sa+0.94_4000_CRITBETAwJET_rh20_bc1_f0.5_pos0.h5,SANE,0.94,4000,CRITBETA,ON,0,,baseline_4pi,2.7961875211744296,0.5377173434518898,0.20970591895314938,0.000291104515913866,3.240657788583439e+39,9,9,2.578163395537495e+41
spectrum_Sa+0.94_4000_CRITBETAwJET_rh20_bc1_f0.5_pos0.h5,SANE,0.94,4000,CRITBETA,ON,0,,cone_renorm_4pi_equiv,0.22722518350526544,0.027187718605306867,0.011401048330363083,2.055047950141202e-05,1.706165650252128e+39,9,9,5.033024533977423e+40
spectrum_Sa+0.94_4000_CRITBETAwJET_rh20_bc1_f0.5_pos0.h5,SANE,0.94,4000,CRITBETA,ON,0,,cone_physical,0.020424569859215567,0.0024438200440661867,0.0010248050172061926,1.8472191230829877e-06,1.533619600494724e+38,9,9,4.524030286237427e+39
spectrum_Sa+0.94_4000_CRITBETAwJET_rh20_bc1_f0.5_pos1.h5,SANE,0.94,4000,CRITBETA,ON,1,,baseline_4pi,3.1461831400207343,0.5282268925434388,0.18996195998708088,0.0006553200700046778,1.2014142993503801e+40,9,9,3.738662612150214e+41
spectrum_Sa+0.94_4000_CRITBETAwJET_rh20_bc1_f0.5_pos1.h5,SANE,0.94,4000,CRITBETA,ON,1,,cone_renorm_4pi_equiv,0.2182947755010768,0.02498777824843618,0.013626207005389168,3.86715437085815e-05,3.5991912162548337e+39,9,9,6.687022653343336e+40
spectrum_Sa+0.94_4000_CRITBETAwJET_rh20_bc1_f0.5_pos1.h5,SANE,0.94,4000,CRITBETA,ON,1,,cone_physical,0.019621843069257353,0.002246074200881636,0.0012248176571117366,3.4760656096965073e-06,3.2352018072577965e+38,9,9,6.010758104644819e+39
spectrum_Sa+0.94_4000_RBETAwJET_rh160_pos0.h5,SANE,0.94,4000,RBETA,ON,0,,baseline_4pi,1.7013937033043054,0.543972898911107,0.2701535093084932,6.13768606586756e-05,4.3279856331243795e+39,9,9,2.036124088452429e+41
spectrum_Sa+0.94_4000_RBETAwJET_rh160_pos0.h5,SANE,0.94,4000,RBETA,ON,0,,cone_renorm_4pi_equiv,0.7123352829059029,0.12977718206833247,0.0706020467861424,1.1393086732242505e-05,1.0349076555571753e+40,9,9,1.5010183711654966e+41
spectrum_Sa+0.94_4000_RBETAwJET_rh160_pos0.h5,SANE,0.94,4000,RBETA,ON,0,,cone_physical,0.06402961821596925,0.01166527002155715,0.0063461998997736795,1.024089373744072e-06,9.302465238530532e+38,9,9,1.3492190482101746e+40
spectrum_Sa+0.94_4000_RBETAwJET_rh160_pos1.h5,SANE,0.94,4000,RBETA,ON,1,,baseline_4pi,1.9542464074749897,0.5554966496977412,0.26484207107111063,0.00013467194181432997,8.868461869158811e+39,9,9,2.665813312463794e+41
spectrum_Sa+0.94_4000_RBETAwJET_rh160_pos1.h5,SANE,0.94,4000,RBETA,ON,1,,cone_renorm_4pi_equiv,0.7572986752265116,0.13006668439749855,0.06656705286689854,2.7323067686238615e-05,1.8491637533021972e+40,9,9,2.0505926846164396e+41
spectrum_Sa+0.94_4000_RBETAwJET_rh160_pos1.h5,SANE,0.94,4000,RBETA,ON,1,,cone_physical,0.06807123866222718,0.011691292491669145,0.005983506760246757,2.455986154865287e-06,1.662156178193813e+39,9,9,1.843214422523476e+40
spectrum_Sa+0.94_5000_CRITBETAwJET_rh20_bc1_f0.5_pos0.h5,SANE,0.94,5000,CRITBETA,ON,0,,baseline_4pi,2.8069703300704805,0.5365014286311276,0.21219755864357637,0.00029526834684583266,2.922690491019115e+39,9,9,2.7577279564587612e+41
spectrum_Sa+0.94_5000_CRITBETAwJET_rh20_bc1_f0.5_pos0.h5,SANE,0.94,5000,CRITBETA,ON,0,,cone_renorm_4pi_equiv,0.43219001500256904,0.05272362858504997,0.02060771148040073,2.1173191964045207e-05,4.8236049412546274e+38,9,9,7.019593274855055e+40
spectrum_Sa+0.94_5000_CRITBETAwJET_rh20_bc1_f0.5_pos0.h5,SANE,0.94,5000,CRITBETA,ON,0,,cone_physical,0.03884822543743636,0.004739164113126282,0.0018523635288878533,1.9031928228245966e-06,4.335789483194744e+37,9,9,6.309695563398436e+39
spectrum_Sa+0.94_5000_CRITBETAwJET_rh20_bc1_f0.5_pos1.h5,SANE,0.94,5000,CRITBETA,ON,1,,baseline_4pi,3.1739641877025786,0.5322970245800743,0.20174451181369155,0.0006466305225707121,1.186331825927499e+40,9,9,3.963130565380622e+41
spectrum_Sa+0.94_5000_CRITBETAwJET_rh20_bc1_f0.5_pos1.h5,SANE,0.94,5000,CRITBETA,ON,1,,cone_renorm_4pi_equiv,0.4415401572569013,0.048806843857017335,0.02554732708466252,5.382572202221158e-05,9.36214408689217e+38,9,9,9.291987095871637e+40
spectrum_Sa+0.94_5000_CRITBETAwJET_rh20_bc1_f0.5_pos1.h5,SANE,0.94,5000,CRITBETA,ON,1,,cone_physical,0.03968868084260401,0.004387096432655656,0.0022963703173544954,4.838227887886834e-06,8.415342128234658e+37,9,9,8.352280176117098e+39
spectrum_Sa+0.94_5000_RBETAwJET_rh160_pos0.h5,SANE,0.94,5000,RBETA,ON,0,,baseline_4pi,1.7544383481850063,0.5494592318148026,0.2642103408881321,5.244932283902941e-05,4.9027294536847594e+38,9,9,1.7497958770054657e+41
spectrum_Sa+0.94_5000_RBETAwJET_rh160_pos0.h5,SANE,0.94,5000,RBETA,ON,0,,cone_renorm_4pi_equiv,0.6832480791822607,0.09958764690040724,0.041733289106699864,1.3529637739319704e-05,2.5251497492648896e+38,9,9,8.167511782440968e+40
spectrum_Sa+0.94_5000_RBETAwJET_rh160_pos0.h5,SANE,0.94,5000,RBETA,ON,0,,cone_physical,0.061415059322020765,0.008951625959123174,0.0037512764459705205,1.2161373440818952e-06,2.2697791091297014e+37,9,9,7.341524051297167e+39
spectrum_Sa+0.94_5000_RBETAwJET_rh160_pos1.h5,SANE,0.94,5000,RBETA,ON,1,,baseline_4pi,1.9771964860809326,0.5343724989658243,0.24150086500252593,0.00011291817980768456,1.633679954906305e+39,9,9,2.0685759446464126e+41
spectrum_Sa+0.94_5000_RBETAwJET_rh160_pos1.h5,SANE,0.94,5000,RBETA,ON,1,,cone_renorm_4pi_equiv,0.6324003426427607,0.09011816766266006,0.04001809785641171,2.3000805898380344e-05,4.903514692323e+38,9,9,9.304093040031895e+40
spectrum_Sa+0.94_5000_RBETAwJET_rh160_pos1.h5,SANE,0.94,5000,RBETA,ON,1,,cone_physical,0.056844513350341803,0.00810044372114172,0.0035971032026133913,2.0674713939832325e-06,4.407617890061921e+37,9,9,8.36316183537681e+39
spectrum_Sa+0.94_6000_CRITBETAwJET_rh20_bc1_f0.5_pos0.h5,SANE,0.94,6000,CRITBETA,ON,0,,baseline_4pi,2.4175366421238276,0.5639149565256064,0.23709293159945505,0.00026774379556198324,3.873781849324111e+39,9,9,2.5138934750132425e+41
spectrum_Sa+0.94_6000_CRITBETAwJET_rh20_bc1_f0.5_pos0.h5,SANE,0.94,6000,CRITBETA,ON,0,,cone_renorm_4pi_equiv,0.32956337468762437,0.0367812614903419,0.011623142795866463,2.030893294225511e-05,1.6019120033403092e+38,9,9,5.024229277821174e+40
spectrum_Sa+0.94_6000_CRITBETAwJET_rh20_bc1_f0.5_pos0.h5,SANE,0.94,6000,CRITBETA,ON,0,,cone_physical,0.029623433747563634,0.0033061539800765755,0.0010447684026727237,1.8255072490043862e-06,1.4399092176234037e+37,9,9,4.5161245021591907e+39
spectrum_Sa+0.94_6000_CRITBETAwJET_rh20_bc1_f0.5_pos1.h5,SANE,0.94,6000,CRITBETA,ON,1,,baseline_4pi,2.6205262088930086,0.5300458499251524,0.2132838633658476,0.0005315463036589551,1.392132093734049e+40,9,9,3.435730545678771e+41
spectrum_Sa+0.94_6000_CRITBETAwJET_rh20_bc1_f0.5_pos1.h5,SANE,0.94,6000,CRITBETA,ON,1,,cone_renorm_4pi_equiv,0.32271918256237,0.03037198340613649,0.012396364634515405,4.039463629092866e-05,4.4449880417912e+38,9,9,6.088455131048609e+40
spectrum_Sa+0.94_6000_CRITBETAwJET_rh20_bc1_f0.5_pos1.h5,SANE,0.94,6000,CRITBETA,ON,1,,cone_physical,0.029008230458756907,0.00273004377099423,0.001114270925309219,3.6309490793856406e-06,3.9954624475344916e+37,9,9,5.472724248275067e+39
spectrum_Sa+0.94_6000_RBETAwJET_rh160_pos0.h5,SANE,0.94,6000,RBETA,ON,0,,baseline_4pi,1.7798874392791693,0.5501069399288264,0.2667240637112504,5.566608703260266e-05,4.69982806134937e+38,9,9,1.7331865449534393e+41
spectrum_Sa+0.94_6000_RBETAwJET_rh160_pos0.h5,SANE,0.94,6000,RBETA,ON,0,,cone_renorm_4pi_equiv,0.5548907666568641,0.075861219419261,0.02600275826515003,1.0809157911506824e-05,7.664020014809227e+37,9,9,6.364942451839685e+40
spectrum_Sa+0.94_6000_RBETAwJET_rh160_pos0.h5,SANE,0.94,6000,RBETA,ON,0,,cone_physical,0.04987741698777935,0.0068189306824702044,0.002337307619366693,9.716018157720969e-07,6.888950853956295e+36,9,9,5.721250160393159e+39
spectrum_Sa+0.94_6000_RBETAwJET_rh160_pos1.h5,SANE,0.94,6000,RBETA,ON,1,,baseline_4pi,2.0231889457736623,0.5508461319821015,0.2485262190484557,0.00012035594035236727,1.7642321602134487e+39,9,9,2.0949161588563615e+41
spectrum_Sa+0.94_6000_RBETAwJET_rh160_pos1.h5,SANE,0.94,6000,RBETA,ON,1,,cone_renorm_4pi_equiv,0.5349281445132282,0.06165034669129407,0.023224648647690017,2.4886285084039084e-05,2.319754544524867e+38,9,9,7.33237896975014e+40
spectrum_Sa+0.94_6000_RBETAwJET_rh160_pos1.h5,SANE,0.94,6000,RBETA,ON,1,,cone_physical,0.04808303854672788,0.0055415592295561585,0.002087591927280759,2.236951293840774e-06,2.085155704133605e+37,9,9,6.590848962761843e+39
spectrum_Sa-0.5_4000_CRITBETAwJET_rh20_bc1_f0.5_pos0.h5,SANE,-0.5,4000,CRITBETA,ON,0,,baseline_4pi,2.661231411449908,0.5574733092088032,0.22076952336264485,0.00026909948701101075,3.3328860225873685e+39,9,9,3.0342782458232353e+41
spectrum_Sa-0.5_4000_CRITBETAwJET_rh20_bc1_f0.5_pos0.h5,SANE,-0.5,4000,CRITBETA,ON,0,,cone_renorm_4pi_equiv,1.2790310739499224,0.19491942276907748,0.05921703534587417,0.00016255088308423117,1.5438025907549707e+39,9,9,1.6140248851570892e+41
spectrum_Sa-0.5_4000_CRITBETAwJET_rh20_bc1_f0.5_pos0.h5,SANE,-0.5,4000,CRITBETA,ON,0,,cone_physical,0.11496815238084007,0.01752070481735464,0.005322836389081044,1.4611196769719531e-05,1.3876764616181822e+38,9,9,1.450797112928262e+40
spectrum_Sa-0.5_4000_CRITBETAwJET_rh20_bc1_f0.5_pos1.h5,SANE,-0.5,4000,CRITBETA,ON,1,,baseline_4pi,3.0599157533558583,0.5627090974040102,0.21439827683434998,0.000610369268492972,1.4311672077484047e+40,9,9,4.7173412389474334e+41
spectrum_Sa-0.5_4000_CRITBETAwJET_rh20_bc1_f0.5_pos1.h5,SANE,-0.5,4000,CRITBETA,ON,1,,cone_renorm_4pi_equiv,1.5868850118443754,0.18915646728243105,0.05679774945886927,0.00041258134361576217,6.264407447337338e+39,9,9,2.553821337393656e+41
spectrum_Sa-0.5_4000_CRITBETAwJET_rh20_bc1_f0.5_pos1.h5,SANE,-0.5,4000,CRITBETA,ON,1,,cone_physical,0.1426401919143197,0.01700269055011198,0.0051053742537389875,3.708566253658185e-05,5.630882350316898e+38,9,9,2.2955511140490884e+40
spectrum_Sa-0.5_4000_RBETAwJET_rh160_pos0.h5,SANE,-0.5,4000,RBETA,ON,0,,baseline_4pi,2.3810874367339245,0.5247030264530244,0.2049256026444596,0.00018877671425854089,2.863245508489649e+39,9,9,2.3438421001721874e+41
spectrum_Sa-0.5_4000_RBETAwJET_rh160_pos0.h5,SANE,-0.5,4000,RBETA,ON,0,,cone_renorm_4pi_equiv,1.2531897798025171,0.1830013777596961,0.05304363251815794,0.00011303335082113244,2.769307093093754e+39,9,9,1.3132061623685544e+41
spectrum_Sa-0.5_4000_RBETAwJET_rh160_pos0.h5,SANE,-0.5,4000,RBETA,ON,0,,cone_physical,0.11264535827226371,0.01644942856564575,0.00476792827819884,1.016021875151855e-05,2.489244603611637e+38,9,9,1.1804004551382571e+40
spectrum_Sa-0.5_4000_RBETAwJET_rh160_pos1.h5,SANE,-0.5,4000,RBETA,ON,1,,baseline_4pi,2.8965287961329276,0.5560192678362496,0.20234132033606073,0.0004783796294881123,1.15124804243832e+40,9,9,3.594802283065383e+41
spectrum_Sa-0.5_4000_RBETAwJET_rh160_pos1.h5,SANE,-0.5,4000,RBETA,ON,1,,cone_renorm_4pi_equiv,1.5690859349732245,0.17937109400729806,0.045307316729063025,0.00030036920374315086,5.038203453753377e+39,9,9,2.1052008271956238e+41
spectrum_Sa-0.5_4000_RBETAwJET_rh160_pos1.h5,SANE,-0.5,4000,RBETA,ON,1,,cone_physical,0.14104028787473977,0.016123113572889192,0.004072534748970333,2.699925990055049e-05,4.5286854572500535e+38,9,9,1.892299995072467e+40
spectrum_Sa-0.5_5000_CRITBETAwJET_rh20_bc1_f0.5_pos0.h5,SANE,-0.5,5000,CRITBETA,ON,0,,baseline_4pi,3.1383647308516194,0.5426421684262217,0.18915754743064886,0.0002973065096101474,5.0039743486429016e+39,9,9,3.4027967599277674e+41
spectrum_Sa-0.5_5000_CRITBETAwJET_rh20_bc1_f0.5_pos0.h5,SANE,-0.5,5000,CRITBETA,ON,0,,cone_renorm_4pi_equiv,2.202442165138268,0.28109918638149467,0.08149683038719983,0.00010632486348907959,3.7930702410854616e+39,9,9,2.4758184959791796e+41
spectrum_Sa-0.5_5000_CRITBETAwJET_rh20_bc1_f0.5_pos0.h5,SANE,-0.5,5000,CRITBETA,ON,0,,cone_physical,0.19797072300177568,0.025267137563933156,0.007325498344286445,9.557213547388079e-06,3.40947367386179e+38,9,9,2.2254367693664115e+40
spectrum_Sa-0.5_5000_CRITBETAwJET_rh20_bc1_f0.5_pos1.h5,SANE,-0.5,5000,CRITBETA,ON,1,,baseline_4pi,3.6500989067388216,0.5357074756943255,0.17921759096337997,0.0009150740314522311,6.707051412866685e+40,9,9,6.5336406063997236e+41
spectrum_Sa-0.5_5000_CRITBETAwJET_rh20_bc1_f0.5_pos1.h5,SANE,-0.5,5000,CRITBETA,ON,1,,cone_renorm_4pi_equiv,2.657070688753987,0.2694750198328888,0.06711127113679893,0.0004857178656092883,3.627893379805974e+38,9,9,3.4281091071737023e+41
spectrum_Sa-0.5_5000_CRITBETAwJET_rh20_bc1_f0.5_pos1.h5,SANE,-0.5,5000,CRITBETA,ON,1,,cone_physical,0.23883587666713135,0.024222277139288997,0.00603242485946785,4.365967858389297e-05,3.261001295479897e+37,9,9,3.0814213840368574e+40
spectrum_Sa-0.5_5000_RBETAwJET_rh160_pos0.h5,SANE,-0.5,5000,RBETA,ON,0,,baseline_4pi,3.149584392617267,0.562067604310168,0.18824517476319416,0.00026883216300915467,4.8317158303474114e+39,9,9,3.2292946173425405e+41
spectrum_Sa-0.5_5000_RBETAwJET_rh160_pos0.h5,SANE,-0.5,5000,RBETA,ON,0,,cone_renorm_4pi_equiv,2.1727621414095144,0.29979089431171135,0.07474852120969251,0.0001746710478325285,9.070001481909424e+36,9,9,2.2926342551532635e+41
spectrum_Sa-0.5_5000_RBETAwJET_rh160_pos0.h5,SANE,-0.5,5000,RBETA,ON,0,,cone_physical,0.1953028773487561,0.026947277452124364,0.006718913677475559,1.570064094042284e-05,8.152744164739776e+35,9,9,2.0607781137482677e+40
spectrum_Sa-0.5_5000_RBETAwJET_rh160_pos1.h5,SANE,-0.5,5000,RBETA,ON,1,,baseline_4pi,3.7907210740871973,0.5784389461059233,0.17929876214584398,0.0006915980465902399,1.9772317058273457e+40,9,9,4.9290082899186796e+41
spectrum_Sa-0.5_5000_RBETAwJET_rh160_pos1.h5,SANE,-0.5,5000,RBETA,ON,1,,cone_renorm_4pi_equiv,2.652603189442931,0.2816136592924647,0.0702890240916964,0.00030230369220768545,7.511368278271796e+35,9,9,3.3820342430149312e+41
spectrum_Sa-0.5_5000_RBETAwJET_rh160_pos1.h5,SANE,-0.5,5000,RBETA,ON,1,,cone_physical,0.23843430695391968,0.02531338194472177,0.006318063256679787,2.7173145093099223e-05,6.751736923310835e+34,9,9,3.0400061118717073e+40
spectrum_Sa-0.5_6000_CRITBETAwJET_rh20_bc1_f0.5_pos0.h5,SANE,-0.5,6000,CRITBETA,ON,0,,baseline_4pi,2.716180221379769,0.523751721941512,0.2212359713814804,0.00027968688559681264,2.5525031007234547e+39,9,9,3.7158909430990366e+41
spectrum_Sa-0.5_6000_CRITBETAwJET_rh20_bc1_f0.5_pos0.h5,SANE,-0.5,6000,CRITBETA,ON,0,,cone_renorm_4pi_equiv,2.2136241052274714,0.3461382225552544,0.12716407904343585,0.00018782289013328938,1.4378486822872347e+39,9,9,2.6162101892729033e+41
spectrum_Sa-0.5_6000_CRITBETAwJET_rh20_bc1_f0.5_pos0.h5,SANE,-0.5,6000,CRITBETA,ON,0,,cone_physical,0.19897583305599734,0.031113295623593034,0.011430386262380467,1.6882819419521977e-05,1.292437766154391e+38,9,9,2.3516305258460826e+40
spectrum_Sa-0.5_6000_CRITBETAwJET_rh20_bc1_f0.5_pos1.h5,SANE,-0.5,6000,CRITBETA,ON,1,,baseline_4pi,3.2321644979287507,0.5656204532947754,0.24003816774746156,0.0006833729084432193,1.2849675352996721e+40,9,9,6.101338813190818e+41
spectrum_Sa-0.5_6000_CRITBETAwJET_rh20_bc1_f0.5_pos1.h5,SANE,-0.5,6000,CRITBETA,ON,1,,cone_renorm_4pi_equiv,2.609691386443281,0.35319794981192987,0.1098360140163204,0.000499931530378074,7.667175759954187e+39,9,9,4.2473569676094174e+41
spectrum_Sa-0.5_6000_CRITBETAwJET_rh20_bc1_f0.5_pos1.h5,SANE,-0.5,6000,CRITBETA,ON,1,,cone_physical,0.23457709753447636,0.031747872699587065,0.009872820022531226,4.493730100473176e-05,6.891787455787872e+38,9,9,3.817817979667483e+40
spectrum_Sa-0.5_6000_RBETAwJET_rh160_pos0.h5,SANE,-0.5,6000,RBETA,ON,0,,baseline_4pi,2.44186730721489,0.530944872034192,0.22062637673795657,0.00014337522637468153,1.7518458012589713e+39,9,9,2.5926946235331995e+41
spectrum_Sa-0.5_6000_RBETAwJET_rh160_pos0.h5,SANE,-0.5,6000,RBETA,ON,0,,cone_renorm_4pi_equiv,2.081372445953201,0.3539954840114944,0.12277323506986434,0.00011440364034285599,1.0145900563724977e+39,9,9,2.212796479679998e+41
spectrum_Sa-0.5_6000_RBETAwJET_rh160_pos0.h5,SANE,-0.5,6000,RBETA,ON,0,,cone_physical,0.18708813992192214,0.03181956058524671,0.01103570686067124,1.0283389843877445e-05,9.119836615453911e+37,9,9,1.9890144035202464e+40
spectrum_Sa-0.5_6000_RBETAwJET_rh160_pos1.h5,SANE,-0.5,6000,RBETA,ON,1,,baseline_4pi,2.8268710033837787,0.5434996721129486,0.2057347156514626,0.00034679997309921455,7.601757368534884e+39,9,9,3.8004537687165935e+41
spectrum_Sa-0.5_6000_RBETAwJET_rh160_pos1.h5,SANE,-0.5,6000,RBETA,ON,1,,cone_renorm_4pi_equiv,2.7302262306593765,0.3462726662206452,0.09624289357907316,0.00029330840437824805,4.6289878005726706e+39,9,9,3.2129296927707767e+41
spectrum_Sa-0.5_6000_RBETAwJET_rh160_pos1.h5,SANE,-0.5,6000,RBETA,ON,1,,cone_physical,0.2454116023555683,0.031125380349385934,0.00865097641482718,2.6364586456059595e-05,4.1608541470519825e+38,9,9,2.8880032552036245e+40
