filename,state,spin,dump,heating,wjet,pos,trial,Ns,Nrecorded,run_status,thetae_max,e_type,e_sigma_transition,e_jet_sigma_cut,e_jet_thetae,e_positron_ratio,M_unit_file,M_unit_frozen,M_unit_file_over_frozen,frozen_converged,f230_base_jy,f230_base_over_target,f230_cone_jy,f230_cone_over_target,f86_cone_jy,f345_cone_jy,fnu_nir_cone_jy,Lx_cone_erg_s,Lx_cone_over_obs,Lx_cone_npos_bins,Lx_base_erg_s,L_bol_cone,L_bol_base,L_total_output,frac_scattered_Lcomp,Lcomponent,gate_Lx,error
spectrum_Ma+0.94_4000_CRITBETA_rh20_bc0.01_f0.5_pos0.h5,MAD,0.94,4000,CRITBETA,OFF,0,,1000000.0,9757226.0,ok,1000.0,3.0,,,,0.0,9.01887773e+24,1.4882729964697617e+25,0.6059961950121456,True,0.5104354001006671,1.0208708002013342,0.25261281601033747,0.5052256320206749,0.33990591005399307,0.18111023853384714,7.222282104326627e-07,3.804425506158187e+37,0.0008646421604904971,9,2.1636855006229947e+38,8.128719911671795e+40,2.3429930254160205e+41,3.163941255703061e+41,0.07113516918086071,7.6793e+07;5.8768e+06;4.2242e+03;2.3465e-02;8.6074e+00;4.8021e-08;9.2909e-13;9.3027e-18,OK,
spectrum_Ma+0.94_4000_CRITBETA_rh20_bc0.01_f0.5_pos1.h5,MAD,0.94,4000,CRITBETA,OFF,1,,1000000.0,9259792.0,ok,1000.0,3.0,,,,1.0,4.84718288e+24,7.237220063322547e+24,0.6697575640355337,True,0.5168706703657717,1.0337413407315434,0.2581967203414195,0.516393440682839,0.3618747697471382,0.1837653972841655,1.4039837978137346e-06,4.1487282354237956e+37,0.0009428927807781354,9,2.0202358924896957e+38,7.419115013003241e+40,2.118482596374994e+41,2.8607658896982053e+41,0.10989193336395453,6.6538e+07;8.2028e+06;1.1883e+04;1.0327e-01;9.4999e+00;1.5146e-07;5.0688e-12;3.5560e-16,OK,
spectrum_Ma+0.94_4000_RBETA_rh20_pos0.h5,MAD,0.94,4000,RBETA,OFF,0,,1000000.0,50022727.0,ok,1000.0,2.0,,,,0.0,1.04489084e+25,1.3488e+25,0.7746818208778173,True,0.5110756045059386,1.0221512090118772,0.1632863330213195,0.326572666042639,0.6598818382407469,0.07511407432629426,3.469085417200359e-05,2.9174142768744996e+38,0.00663048699289659,9,1.2722702378165714e+39,8.520587103201607e+40,1.9830504514998494e+41,2.677880491487444e+41,0.2015451118352115,5.5870e+07;1.3087e+07;1.0160e+06;1.3548e+02;2.6081e+02;1.7575e-05;8.1517e-08;4.4064e-12,OK,
spectrum_Ma+0.94_4000_RBETA_rh20_pos1.h5,MAD,0.94,4000,RBETA,OFF,1,,1000000.0,44711548.0,ok,1000.0,2.0,,,,1.0,6.27086419e+24,7.496e+24,0.8365613914087513,True,0.5323880921561376,1.0647761843122752,0.1509434400245473,0.3018868800490946,0.6857227389930447,0.06885147865316037,6.95816555995133e-05,1.0404335059731903e+39,0.023646216044845236,9,4.558509418002104e+39,9.899475073522528e+40,2.4707918931015417e+41,3.3365189328514823e+41,0.3295669540191919,5.8450e+07;2.4960e+07;3.7718e+06;8.6915e+02;5.5675e+02;4.7225e-05;6.0873e-07;5.8525e-11,OK,
spectrum_Ma+0.94_5000_CRITBETA_rh20_bc0.01_f0.5_pos0.h5,MAD,0.94,5000,CRITBETA,OFF,0,,1000000.0,7754983.0,ok,1000.0,3.0,,,,0.0,1.29669709e+25,1.95867741483279e+25,0.6620268759828924,True,0.5168815472186369,1.0337630944372738,0.27950718776313493,0.5590143755262699,0.36071901484020785,0.2141160061123425,8.201968172581625e-07,3.2778670297657474e+37,0.0007449697794922153,9,1.643350808099481e+38,8.461073305385258e+40,2.3542827954607406e+41,3.1791867897504974e+41,0.06888407599608415,7.7350e+07;5.7181e+06;4.2452e+03;3.3670e-02;7.1146e+00;5.4743e-08;1.0012e-12;1.1351e-18,OK,
spectrum_Ma+0.94_5000_CRITBETA_rh20_bc0.01_f0.5_pos1.h5,MAD,0.94,5000,CRITBETA,OFF,1,,1000000.0,8231313.0,ok,1000.0,3.0,,,,1.0,6.8237291e+24,9.857394357014168e+24,0.6922447102001635,True,0.5085394336339657,1.0170788672679314,0.2309006516181305,0.461801303236261,0.3578690854316742,0.18167823042488476,1.3660403332509903e-06,1.9866912728226943e+37,0.00045152074382333963,9,1.4292568282900242e+38,7.279989060161814e+40,2.0305189344694693e+41,2.741981117533212e+41,0.10420813070445001,6.4182e+07;7.4545e+06;1.1886e+04;4.7130e-01;7.5470e+00;9.9991e-08;7.0445e-12;6.6882e-17,OK,
spectrum_Ma+0.94_5000_RBETA_rh20_pos0.h5,MAD,0.94,5000,RBETA,OFF,0,,1000000.0,24370459.0,ok,1000.0,2.0,,,,0.0,1.44588445e+25,1.9231e+25,0.7518508917892985,True,0.523097560135253,1.046195120270506,0.14093824184830067,0.28187648369660134,0.611417844262303,0.07156669415026215,2.6891228822323747e-05,2.67816297847391e+38,0.006086734041986159,9,1.1651860260458855e+39,7.559384695591508e+40,1.8877838314484693e+41,2.5492341649592065e+41,0.2017817564894835,5.3170e+07;1.2429e+07;1.0119e+06;1.9831e+02;3.0328e+02;1.4413e-05;1.0413e-07;9.7292e-12,OK,
spectrum_Ma+0.94_5000_RBETA_rh20_pos1.h5,MAD,0.94,5000,RBETA,OFF,1,,1000000.0,24664046.0,ok,1000.0,2.0,,,,1.0,8.65851127e+24,9.74366666666667e+24,0.8886296674763092,True,0.5320916969772665,1.064183393954533,0.13345710790254134,0.2669142158050827,0.590729354460031,0.05881823818159574,5.589402273955381e-05,9.730994830857078e+38,0.022115897342856995,9,4.3451120297935124e+39,8.833558277447189e+40,2.3560400689690283e+41,3.1815599456765158e+41,0.32894613018125984,5.5787e+07;2.3549e+07;3.7965e+06;1.3574e+03;6.7176e+02;5.0632e-05;7.6801e-07;1.6475e-10,OK,
spectrum_Ma+0.94_6000_CRITBETA_rh20_bc0.01_f0.5_pos0.h5,MAD,0.94,6000,CRITBETA,OFF,0,,1000000.0,8690292.0,ok,1000.0,3.0,,,,0.0,1.76915367e+25,3.392528798128054e+25,0.5214852327786258,True,0.5152008978790094,1.0304017957580187,0.25170076438417693,0.5034015287683539,0.3444176732373623,0.20055511212711818,7.860226833166069e-07,2.9296497513830123e+37,0.0006658294889506847,9,1.9203946352366425e+38,8.075528875339083e+40,2.323013893317862e+41,3.136961762300351e+41,0.07153536164266305,7.6106e+07;5.8594e+06;4.2614e+03;7.2856e-02;3.6000e+00;5.9002e-08;9.9315e-13;1.2152e-17,OK,
spectrum_Ma+0.94_6000_CRITBETA_rh20_bc0.01_f0.5_pos1.h5,MAD,0.94,6000,CRITBETA,OFF,1,,1000000.0,9119934.0,ok,1000.0,3.0,,,,1.0,9.38480278e+24,1.5940527186382238e+25,0.5887385448592504,True,0.5073951075714881,1.0147902151429762,0.2443507790817061,0.4887015581634122,0.34563612175031216,0.18672325591578276,1.3081662385814188e-06,2.6250863821722675e+37,0.0005966105414027881,9,1.6828445685043182e+38,7.182821212611425e+40,2.0392344028553326e+41,2.7537503464378804e+41,0.11039877826500777,6.4012e+07;7.9320e+06;1.1827e+04;5.5187e-02;3.9583e+00;1.1298e-07;3.6521e-12;1.8100e-17,OK,
spectrum_Ma+0.94_6000_RBETA_rh20_pos0.h5,MAD,0.94,6000,RBETA,OFF,0,,1000000.0,31072915.0,ok,1000.0,2.0,,,,0.0,1.89656907e+25,3.047e+25,0.6224381588447653,True,0.5194679162452671,1.0389358324905342,0.08966689512899362,0.17933379025798724,0.4046596941917726,0.03890191803940726,2.318543703425929e-05,1.6606856732607887e+38,0.0037742856210472475,9,1.1906956818735788e+39,5.0229842006284745e+40,1.8186914773866153e+41,2.4559327928829225e+41,0.19316710691252492,5.1777e+07;1.1354e+07;1.0417e+06;2.0442e+02;2.3525e+02;1.5050e-05;1.0365e-07;1.0615e-11,OK,
spectrum_Ma+0.94_6000_RBETA_rh20_pos1.h5,MAD,0.94,6000,RBETA,OFF,1,,1000000.0,31048838.0,ok,1000.0,2.0,,,,1.0,1.13791142e+25,1.5489999999999998e+25,0.73461034215623,True,0.5254735214197409,1.0509470428394818,0.07543855223167714,0.15087710446335428,0.44401903345119637,0.03031352804471594,4.857587448682546e-05,5.678534026834723e+38,0.012905759151897098,9,4.391979986245945e+39,5.88327488388502e+40,2.255443383651321e+41,3.0457157871107434e+41,0.32067726216678183,5.4063e+07;2.1668e+07;3.8521e+06;1.4228e+03;5.5813e+02;5.4446e-05;8.2911e-07;1.3595e-10,OK,
spectrum_Ma-0.5_4000_CRITBETA_rh20_bc0.01_f0.5_pos0.h5,MAD,-0.5,4000,CRITBETA,OFF,0,,1000000.0,6629396.0,ok,1000.0,3.0,,,,0.0,5.27879435e+25,3.6336544212937798e+25,1.4527507951954497,True,0.4999092545668213,0.9998185091336426,0.39178037947760347,0.7835607589552069,0.6766912132703202,0.2641833046471148,2.442228938459335e-06,4.955995192878412e+37,0.0011263625438360026,9,4.387623116936158e+37,1.3488610382902202e+41,1.5313964234797666e+41,2.067973847686797e+41,0.03611336294473633,5.2084e+07;1.9475e+06;3.9193e+03;1.1514e-01;5.1241e+02;2.2257e-08;2.3639e-12;4.5572e-17,OK,
spectrum_Ma-0.5_4000_CRITBETA_rh20_bc0.01_f0.5_pos1.h5,MAD,-0.5,4000,CRITBETA,OFF,1,,1000000.0,6813350.0,ok,1000.0,3.0,,,,1.0,3.00007271e+25,1.7073507856591283e+25,1.7571507479301112,True,0.5019483355598486,1.0038966711196973,0.3899260443284431,0.7798520886568862,0.7490587078984182,0.269511528983314,4.65840084628338e-06,7.817306785134857e+37,0.0017766606329851949,9,4.386720568574236e+37,1.3434376762419965e+41,1.5243742916682268e+41,2.0584913217715584e+41,0.06086586586842602,5.0514e+07;3.2591e+06;1.4829e+04;3.0959e-02;6.2199e+02;6.0565e-08;3.5313e-11;1.2531e-17,OK,
spectrum_Ma-0.5_4000_RBETA_rh20_pos0.h5,MAD,-0.5,4000,RBETA,OFF,0,,1000000.0,47814033.0,ok,1000.0,2.0,,,,0.0,4.50143011e+25,3.3972e+25,1.3250412427881786,True,0.5191422414913384,1.0382844829826767,0.2986186432611473,0.5972372865222946,1.4917156784855015,0.15197898302680823,8.65347428537265e-05,7.16795886030616e+38,0.016290815591604908,9,1.1784677869786758e+39,1.703861731074077e+41,2.554768231549742e+41,3.449919297476801e+41,0.1784151117591143,7.4060e+07;1.4590e+07;1.4926e+06;1.3588e+03;3.3096e+03;1.9806e-05;4.2172e-07;2.2444e-10,OK,
spectrum_Ma-0.5_4000_RBETA_rh20_pos1.h5,MAD,-0.5,4000,RBETA,OFF,1,,1000000.0,43091183.0,ok,1000.0,2.0,,,,1.0,2.79518669e+25,1.999066666666666e+25,1.3982458597345433,True,0.5339423707054405,1.067884741410881,0.3003506863668199,0.6007013727336398,1.5263865612234753,0.15156761449072909,0.00018856912810596055,2.78533214874149e+39,0.06330300338048842,9,4.717542294552069e+39,2.197867984323614e+41,3.355983929802363e+41,4.531868575752821e+41,0.3073013246332629,8.2022e+07;3.0386e+07;5.9933e+06;1.0597e+04;6.3208e+03;7.8873e-05;4.1094e-06;3.0312e-09,OK,
spectrum_Ma-0.5_5000_CRITBETA_rh20_bc0.01_f0.5_pos0.h5,MAD,-0.5,5000,CRITBETA,OFF,0,,1000000.0,7123942.0,ok,1000.0,3.0,,,,0.0,6.81248514e+25,5.122052356977385e+25,1.3300303599434835,True,0.5113339531098268,1.0226679062196535,0.36101381928660803,0.7220276385732161,0.66032023107361,0.28764508172281156,1.9785512044164023e-06,2.327884575848431e+37,0.0005290646763291888,9,3.3119249669904545e+37,1.3127578465243482e+41,1.5987711518529041e+41,2.1589556760457104e+41,0.03695733590336092,5.4328e+07;2.0814e+06;3.5154e+03;4.4525e-03;5.9253e+02;2.6931e-08;2.2355e-12;9.3954e-19,OK,
spectrum_Ma-0.5_5000_CRITBETA_rh20_bc0.01_f0.5_pos1.h5,MAD,-0.5,5000,CRITBETA,OFF,1,,1000000.0,7304871.0,ok,1000.0,3.0,,,,1.0,3.8622639e+25,2.4067066104648388e+25,1.6047921600439825,True,0.5157596300978827,1.0315192601957655,0.3798412046529671,0.7596824093059342,0.7283120374775386,0.2726328442524869,3.996564637061047e-06,3.4841281682405167e+37,0.0007918473109637538,9,3.614045994707694e+37,1.2894798485265196e+41,1.5691827251711573e+41,2.118999903887081e+41,0.06077766684127506,5.2004e+07;3.3538e+06;1.1413e+04;7.3860e-02;7.1541e+02;5.7884e-08;1.1795e-11;1.8636e-17,OK,
spectrum_Ma-0.5_5000_RBETA_rh20_pos0.h5,MAD,-0.5,5000,RBETA,OFF,0,,1000000.0,47074000.0,ok,1000.0,2.0,,,,0.0,5.47839678e+25,5.0450000000000005e+25,1.085906200198216,True,0.5495504924467558,1.0991009848935116,0.32694393821637663,0.6538878764327533,1.4438249653042752,0.1506669431197355,8.467018323792268e-05,7.085750277509847e+38,0.01610397790343147,9,1.093983807495241e+39,1.6915330383272659e+41,2.615453004623662e+41,3.531867106060545e+41,0.16446955887922843,7.7106e+07;1.3952e+07;1.2254e+06;9.3061e+02;3.5001e+03;1.6406e-05;2.6773e-07;1.3373e-10,OK,
spectrum_Ma-0.5_5000_RBETA_rh20_pos1.h5,MAD,-0.5,5000,RBETA,OFF,1,,1000000.0,53169523.0,ok,1000.0,2.0,,,,1.0,3.35109355e+25,2.5483333333333333e+25,1.3150138194898626,True,0.5352289903764029,1.0704579807528058,0.3015030253010266,0.6030060506020531,1.444309782843082,0.14359077905228468,0.00017942737144245537,2.702348871507803e+39,0.06141701980699552,9,4.2337909677946495e+39,2.1222950138699885e+41,3.275043427943673e+41,4.422567600264685e+41,0.28058123240238375,8.3131e+07;2.7687e+07;4.7309e+06;6.5892e+03;6.4431e+03;6.0861e-05;1.8300e-06;1.9410e-09,OK,
spectrum_Ma-0.5_6000_CRITBETA_rh20_bc0.01_f0.5_pos0.h5,MAD,-0.5,6000,CRITBETA,OFF,0,,1000000.0,6824827.0,ok,1000.0,3.0,,,,0.0,9.38780636e+25,6.857713649098019e+25,1.3689411428304181,True,0.4927336510124987,0.9854673020249974,0.36329326380366705,0.7265865276073341,0.6699264293036395,0.25940364616622935,2.471413048886725e-06,3.5347422913260514e+37,0.0008033505207559208,9,3.1650103126052413e+37,1.2315783116418113e+41,1.525833981200529e+41,2.0604624141807897e+41,0.03313142206629538,5.2056e+07;1.7802e+06;3.6475e+03;1.2195e-02;7.5024e+02;2.4927e-08;5.6535e-12;5.4467e-18,OK,
spectrum_Ma-0.5_6000_CRITBETA_rh20_bc0.01_f0.5_pos1.h5,MAD,-0.5,6000,CRITBETA,OFF,1,,1000000.0,6980569.0,ok,1000.0,3.0,,,,1.0,5.40189743e+25,3.278034376930826e+25,1.6479074984740445,True,0.5154955624693793,1.0309911249387587,0.39305329578107573,0.7861065915621515,0.7078590353708933,0.25401257777692393,5.012957889790863e-06,7.435011734535164e+37,0.0016897753942125375,9,6.846597379130982e+37,1.2366808868687486e+41,1.5356559608323788e+41,2.073725860443803e+41,0.05677699609549314,5.1109e+07;3.0636e+06;1.2980e+04;8.6292e-02;9.3464e+02;6.6208e-08;5.6820e-11;4.0542e-17,OK,
spectrum_Ma-0.5_6000_RBETA_rh20_pos0.h5,MAD,-0.5,6000,RBETA,OFF,0,,1000000.0,30798497.0,ok,1000.0,2.0,,,,0.0,7.19021611e+25,5.9203e+25,1.2145019863858248,True,0.5200880973393259,1.0401761946786519,0.3260709455225283,0.6521418910450566,1.352752739577731,0.1446502130280443,8.375423343974686e-05,8.195006686630671e+38,0.01862501519688789,9,1.3745648637126405e+39,1.6169179724373692e+41,2.3941619980651062e+41,3.233039111435686e+41,0.1962064255472059,6.7900e+07;1.5096e+07;1.4784e+06;8.6751e+02;3.8120e+03;1.7717e-05;2.3695e-07;8.8902e-11,OK,
spectrum_Ma-0.5_6000_RBETA_rh20_pos1.h5,MAD,-0.5,6000,RBETA,OFF,1,,1000000.0,31454268.0,ok,1000.0,2.0,,,,1.0,4.45011977e+25,3.573433333333333e+25,1.2453344878408255,True,0.5379730784394503,1.0759461568789006,0.35389313417766566,0.7077862683553313,1.364483646618349,0.15261096239317368,0.00017511723721008656,3.294494770959801e+39,0.07487488115817731,9,5.679340180244312e+39,2.1155832804590188e+41,3.1811445313542247e+41,4.295768056551086e+41,0.3344382877889428,7.4702e+07;3.1496e+07;6.0382e+06;5.9898e+03;7.0563e+03;6.8336e-05;2.0130e-06;1.3094e-09,OK,
spectrum_Sa+0.94_4000_CRITBETAwJET_rh20_bc1_f0.5_pos0.h5,SANE,0.94,4000,CRITBETA,ON,0,,1000000.0,18606729.0,ok,1000.0,5.0,2.0,10.0,50.0,0.0,1.08359878e+27,3.513e+27,0.30845396527184743,True,0.5415428530270786,1.0830857060541572,0.023429395044252673,0.046858790088505346,0.20677777698495195,0.010671076581190552,1.7718088055061112e-05,6.426128724766087e+37,0.0014604838010832018,9,2.6794855081957317e+39,3.721722745262304e+40,2.5054349788946136e+41,3.3833003582925886e+41,0.26102604357605397,6.5318e+07;1.8522e+07;4.5390e+06;1.5366e+04;1.2110e+04;1.5138e-04;8.9909e-06;1.6285e-08,OK,
spectrum_Sa+0.94_4000_CRITBETAwJET_rh20_bc1_f0.5_pos1.h5,SANE,0.94,4000,CRITBETA,ON,1,,1000000.0,17955945.0,ok,1000.0,5.0,2.0,10.0,50.0,1.0,6.85123657e+26,2.171e+27,0.3155797590971902,True,0.5246739163886665,1.049347832777333,0.021265243236918682,0.042530486473837364,0.22993606346821888,0.011039746015290643,4.976985092841305e-05,1.673737739947755e+38,0.0038039494089721704,9,1.0628868565629732e+40,4.679664376457452e+40,3.569280679447119e+41,4.819901013798507e+41,0.448821825480363,6.9396e+07;3.8313e+07;1.8088e+07;1.2583e+05;2.1838e+04;6.2496e-04;8.0988e-05;2.0434e-07,OK,
spectrum_Sa+0.94_4000_RBETAwJET_rh160_pos0.h5,SANE,0.94,4000,RBETA,ON,0,,1000000.0,19535142.0,ok,1000.0,4.0,2.0,10.0,50.0,0.0,2.9051262e+27,7.225246331109184e+27,0.4020798830749373,True,0.5315268808176526,1.0630537616353053,0.13375518494925567,0.26751036989851135,0.757765481443137,0.054249321963471146,1.2526916547597841e-05,3.1082657107224867e+37,0.0007064240251642015,9,4.2027053022230835e+38,7.951955819798598e+40,1.7182729256240508e+41,2.3203290823985247e+41,0.13546179835925898,5.2222e+07;7.5013e+06;7.0017e+05;1.1686e+04;1.9583e+05;2.3312e-05;1.3181e-06;6.4516e-08,OK,
spectrum_Sa+0.94_4000_RBETAwJET_rh160_pos1.h5,SANE,0.94,4000,RBETA,ON,1,,1000000.0,18880957.0,ok,1000.0,4.0,2.0,10.0,50.0,1.0,1.78118234e+27,3.8946815422002e+27,0.4573370943683799,True,0.554761843131068,1.109523686262136,0.11851447572184198,0.23702895144368397,0.7435791071652689,0.04687396890362905,2.904812632143266e-05,1.3009357224823491e+38,0.0029566720965507934,9,1.6680192473171965e+39,9.093826415915176e+40,2.121534376734291e+41,2.864887015545841e+41,0.23715865947908377,5.6807e+07;1.4977e+07;2.6852e+06;9.1265e+04;2.9961e+05;6.6013e-05;6.8652e-06;3.5576e-07,OK,
spectrum_Sa+0.94_5000_CRITBETAwJET_rh20_bc1_f0.5_pos0.h5,SANE,0.94,5000,CRITBETA,ON,0,,1000000.0,44486892.0,ok,1000.0,5.0,2.0,10.0,50.0,0.0,1.42177048e+27,2.664e+27,0.5336976276276276,True,0.53110511750301,1.06221023500602,0.04540249571867438,0.09080499143734876,0.4205161159828271,0.017772005728122032,2.651350400927089e-05,8.755695793032664e+37,0.0019899308620528783,9,2.822248517839369e+39,6.485327340015707e+40,2.7112496670924426e+41,3.6612292677587e+41,0.24595958558658493,7.2125e+07;1.9216e+07;4.3024e+06;1.2026e+04;1.2908e+04;9.9333e-05;6.4186e-06;1.2621e-08,OK,
spectrum_Sa+0.94_5000_CRITBETAwJET_rh20_bc1_f0.5_pos1.h5,SANE,0.94,5000,CRITBETA,ON,1,,1000000.0,31197898.0,ok,1000.0,5.0,2.0,10.0,50.0,1.0,9.03279238e+26,1.688e+27,0.5351180319905213,True,0.5287632822473983,1.0575265644947967,0.04915874119548123,0.09831748239096245,0.4448178957265421,0.01816423435120194,5.5184003774922004e-05,3.7989054448608175e+38,0.008633876011047313,9,1.1216553944869802e+40,8.307794417709796e+40,3.871164671180278e+41,5.22756043384661e+41,0.422946882677277,7.8799e+07;4.0168e+07;1.7509e+07;9.6161e+04;2.4156e+04;3.8230e-04;4.4380e-05;1.1933e-07,OK,
spectrum_Sa+0.94_5000_RBETAwJET_rh160_pos0.h5,SANE,0.94,5000,RBETA,ON,0,,1000000.0,26433177.0,ok,1000.0,4.0,2.0,10.0,50.0,0.0,1.99440691e+27,5.49e+27,0.3632799471766849,True,0.539295982209947,1.078591964419894,0.09319398409045992,0.18638796818091985,0.6846507375521536,0.031294642930824186,1.217560322839764e-05,3.3459638908933343e+37,0.0007604463388393942,9,3.7958303137254694e+38,7.27884337857738e+40,1.6864273737236377e+41,2.2773252600511252e+41,0.11101003797850306,5.2856e+07;6.1707e+06;4.3318e+05;2.0215e+03;4.4841e+04;5.9341e-06;1.1455e-07;1.0925e-09,OK,
spectrum_Sa+0.94_5000_RBETAwJET_rh160_pos1.h5,SANE,0.94,5000,RBETA,ON,1,,1000000.0,32330742.0,ok,1000.0,4.0,2.0,10.0,50.0,1.0,1.20993354e+27,2.959318020012291e+27,0.4088555308411817,True,0.5280921049919993,1.0561842099839986,0.07946697224526199,0.15893394449052398,0.6771941898956397,0.026455989388551433,2.2356181956403592e-05,1.219952016776353e+38,0.002772618219946257,9,1.4428082232454e+39,8.114681083038801e+40,1.9933855586716566e+41,2.6918368250948836e+41,0.19351335735066033,5.6660e+07;1.1979e+07;1.6190e+06;1.3872e+04;6.6281e+04;2.0913e-05;7.5795e-07;9.5961e-09,OK,
spectrum_Sa+0.94_6000_CRITBETAwJET_rh20_bc1_f0.5_pos0.h5,SANE,0.94,6000,CRITBETA,ON,0,,1000000.0,94165291.0,ok,1000.0,5.0,2.0,10.0,50.0,0.0,1.4094203e+27,3.3959999999999997e+27,0.4150236454652533,True,0.5548984481755008,1.1097968963510016,0.03135555022675229,0.06271110045350459,0.330605827393811,0.010669073726265398,1.916397410782841e-05,1.0408519885004395e+38,0.002365572701137363,9,3.8459171350329006e+39,4.779201231626837e+40,2.5012687159194497e+41,3.377674528827702e+41,0.26712954486277196,6.4675e+07;1.9119e+07;4.4507e+06;6.6294e+03;7.2541e+03;6.8056e-05;2.7469e-06;2.8458e-09,OK,
spectrum_Sa+0.94_6000_CRITBETAwJET_rh20_bc1_f0.5_pos1.h5,SANE,0.94,6000,CRITBETA,ON,1,,1000000.0,51346481.0,ok,1000.0,5.0,2.0,10.0,50.0,1.0,8.6451557e+26,1.932e+27,0.4474718271221533,True,0.5306527112493267,1.0613054224986533,0.026063913309806015,0.05212782661961203,0.3117850273604375,0.00844745830856082,4.0107916345623954e-05,3.702904359783526e+38,0.008415691726780741,9,1.3896379115720526e+40,5.687464110270849e+40,3.404663090435087e+41,4.5976040921037834e+41,0.4427289872961968,6.6936e+07;3.6858e+07;1.6283e+07;4.6873e+04;1.1823e+04;2.4199e-04;2.0722e-05;2.7767e-08,OK,
spectrum_Sa+0.94_6000_RBETAwJET_rh160_pos0.h5,SANE,0.94,6000,RBETA,ON,0,,1000000.0,26766613.0,ok,1000.0,4.0,2.0,10.0,50.0,0.0,2.02283355e+27,6.298142770514925e+27,0.32117937361947363,True,0.55227910262028,1.10455820524056,0.07375040165018686,0.1475008033003737,0.5381984456166842,0.021842075373149934,1.1462021037199523e-05,3.3995464555685617e+37,0.0007726241944474004,9,4.33242638974997e+38,5.994558970091177e+40,1.7049027385200851e+41,2.3022740833601594e+41,0.11374722976464402,5.3287e+07;6.4070e+06;4.3468e+05;1.1594e+03;2.9021e+04;6.1711e-06;8.5048e-08;4.3500e-10,OK,
spectrum_Sa+0.94_6000_RBETAwJET_rh160_pos1.h5,SANE,0.94,6000,RBETA,ON,1,,1000000.0,24286228.0,ok,1000.0,4.0,2.0,10.0,50.0,1.0,1.23886548e+27,3.280361878785426e+27,0.3776612232973203,True,0.5543203081997116,1.1086406163994231,0.06293147464881896,0.12586294929763792,0.5702874753108799,0.018675041747193498,2.5319992779604713e-05,1.4550984121792472e+38,0.003307041845861926,9,1.6971966066075308e+39,6.853385995632367e+40,2.0644041991683258e+41,2.7877392554574047e+41,0.20041538138293957,5.8202e+07;1.2903e+07;1.6874e+06;8.2777e+03;4.3407e+04;2.4572e-05;5.7305e-07;2.5441e-09,OK,
spectrum_Sa-0.5_4000_CRITBETAwJET_rh20_bc1_f0.5_pos0.h5,SANE,-0.5,4000,CRITBETA,ON,0,,1000000.0,21175839.0,ok,1000.0,5.0,2.0,10.0,50.0,0.0,3.81220332e+28,5.543e+28,0.6877509146671477,True,0.5514725515987273,1.1029451031974546,0.18718270645974644,0.3743654129194929,1.418927492587274,0.062482248518762655,0.00014951800827286014,1.4661135656297637e+39,0.033320762855221904,9,3.30402444016045e+39,1.6127907441189995e+41,3.0020473081688577e+41,4.053917880218811e+41,0.2936024762499333,7.3512e+07;2.4787e+07;6.1236e+06;1.9086e+05;1.3164e+06;1.1595e-03;1.7807e-04;5.9869e-06,OK,
spectrum_Sa-0.5_4000_CRITBETAwJET_rh20_bc1_f0.5_pos1.h5,SANE,-0.5,4000,CRITBETA,ON,1,,1000000.0,18802051.0,ok,1000.0,5.0,2.0,10.0,50.0,1.0,2.42464766e+28,2.981e+28,0.8133672123448508,True,0.5671192751913576,1.1342385503827153,0.17396855548222348,0.34793711096444696,1.5133390993524891,0.051522754149600454,0.00031766967709675813,5.733041955394398e+39,0.13029640807714543,9,1.3927547757227492e+40,2.428901193876273e+41,4.610163001032026e+41,6.22549241020677e+41,0.4883565466454951,8.1150e+07;5.2540e+07;2.5358e+07;1.5442e+06;2.0802e+06;3.5167e-03;1.1244e-03;8.4775e-05,OK,
spectrum_Sa-0.5_4000_RBETAwJET_rh160_pos0.h5,SANE,-0.5,4000,RBETA,ON,0,,1000000.0,19867080.0,ok,1000.0,4.0,2.0,10.0,50.0,0.0,3.72628145e+28,2.4385500694357823e+29,0.15280725611109416,True,0.5263102622682159,1.0526205245364317,0.1689124071480119,0.3378248142960238,1.2596639925583446,0.04838718191154462,0.00011429834793013508,1.0541982787471093e+39,0.02395905178970703,9,2.4404359484914144e+39,1.3147207119846615e+41,2.3363650823575096e+41,3.1549910127288476e+41,0.214619503292389,6.2839e+07;1.5256e+07;2.4133e+06;2.3583e+04;1.9082e+06;5.8275e-05;1.9287e-06;1.2990e-08,OK,
spectrum_Sa-0.5_4000_RBETAwJET_rh160_pos1.h5,SANE,-0.5,4000,RBETA,ON,1,,1000000.0,16265880.0,ok,1000.0,4.0,2.0,10.0,50.0,1.0,2.33153833e+28,1.3603824187591666e+29,0.17138844914848614,True,0.5194348774243974,1.0388697548487948,0.16242495221707648,0.32484990443415296,1.3981839070935504,0.05593243395623402,0.0002822941300800835,4.356242233245418e+39,0.09900550530103223,9,1.0320576414040057e+40,1.879403566382526e+41,3.2615627081546275e+41,4.4043634760105305e+41,0.3665868954371403,7.0052e+07;3.1859e+07;1.0172e+07;1.5793e+05;2.8454e+06;1.9619e-04;1.0230e-05;2.6223e-07,OK,
spectrum_Sa-0.5_5000_CRITBETAwJET_rh20_bc1_f0.5_pos0.h5,SANE,-0.5,5000,CRITBETA,ON,0,,1000000.0,24288656.0,ok,1000.0,5.0,2.0,10.0,50.0,0.0,4.23715777e+28,4.41e+28,0.9608067505668935,True,0.5458325470123256,1.0916650940246513,0.27690260100394637,0.5538052020078927,2.3440919494653616,0.07996468192778813,0.00019589026100462261,2.1964705217699303e+39,0.049919784585680235,9,4.2166983899762354e+39,2.452796368038693e+41,3.411869687535709e+41,4.607335625287506e+41,0.2594563724296117,8.8126e+07;2.5996e+07;5.1854e+06;5.4953e+04;1.0282e+06;2.7407e-04;2.7923e-05;5.6923e-07,OK,
spectrum_Sa-0.5_5000_CRITBETAwJET_rh20_bc1_f0.5_pos1.h5,SANE,-0.5,5000,CRITBETA,ON,1,,1000000.0,31337584.0,ok,1000.0,5.0,2.0,10.0,50.0,1.0,2.72083594e+28,1.9700000000000002e+28,1.3811349949238576,True,0.5398349343951836,1.0796698687903672,0.2543869326411332,0.5087738652822664,2.6134554833869936,0.07043741102361739,0.0005138134019221851,9.539888442267688e+39,0.21681564641517473,9,1.8947296641597609e+40,3.554603301820707e+41,5.245416117238237e+41,7.08332839484582e+41,0.43956132143886884,1.0210e+08;5.7626e+07;2.3218e+07;5.1306e+05;1.6276e+06;1.0848e-03;2.2515e-04;7.8063e-06,OK,
spectrum_Sa-0.5_5000_RBETAwJET_rh160_pos0.h5,SANE,-0.5,5000,RBETA,ON,0,,1000000.0,17494048.0,ok,1000.0,4.0,2.0,10.0,50.0,0.0,4.33350115e+28,1.2920994801987738e+29,0.335384482109175,True,0.5582150103111709,1.1164300206223419,0.2905349603908757,0.5810699207817513,2.3193366750644935,0.07461884894000066,0.0001926201928784872,1.8199030334342783e+39,0.041361432578051784,9,3.677830678113135e+39,2.3583013408831688e+41,3.2065117304866977e+41,4.330023452183563e+41,0.21904382241733988,8.6699e+07;2.1374e+07;3.3842e+06;2.5068e+04;1.6616e+06;4.8905e-05;8.9522e-07;7.5373e-09,OK,
spectrum_Sa-0.5_5000_RBETAwJET_rh160_pos1.h5,SANE,-0.5,5000,RBETA,ON,1,,1000000.0,20453548.0,ok,1000.0,4.0,2.0,10.0,50.0,1.0,2.80515165e+28,7.146572031516054e+28,0.3925170889804805,True,0.5631505174255772,1.1263010348511544,0.2746703211161821,0.5493406422323642,2.7368318424222657,0.06894461905527496,0.00047316511955340694,8.72721721414188e+39,0.19834584577595182,9,1.7551116203488656e+40,3.4361298005650684e+41,4.8381563249330025e+41,6.533370859372358e+41,0.38074083529184855,1.0307e+08;4.8771e+07;1.5998e+07;2.3020e+05;2.6513e+06;2.0293e-04;9.5064e-06;1.8821e-07,OK,
spectrum_Sa-0.5_6000_CRITBETAwJET_rh20_bc1_f0.5_pos0.h5,SANE,-0.5,6000,CRITBETA,ON,0,,1000000.0,19290524.0,ok,1000.0,5.0,2.0,10.0,50.0,0.0,8.20030883e+28,5.160000000000001e+28,1.589207137596899,True,0.5376700496730256,1.0753400993460511,0.37956225981068903,0.7591245196213781,2.2855111438866684,0.11987779602581844,0.00016830529440437026,1.5171661907922216e+39,0.03448104979073231,9,2.6892136866622596e+39,2.6783654519887255e+41,3.7297193450062204e+41,5.036554837639376e+41,0.29735199698738424,8.9853e+07;3.0786e+07;7.9243e+06;4.2258e+05;2.6200e+06;1.8772e-03;3.3602e-04;1.7280e-05,OK,
spectrum_Sa-0.5_6000_CRITBETAwJET_rh20_bc1_f0.5_pos1.h5,SANE,-0.5,6000,CRITBETA,ON,1,,1000000.0,17093593.0,ok,1000.0,5.0,2.0,10.0,50.0,1.0,5.31216886e+28,2.72e+28,1.953003257352941,True,0.5660936610069418,1.1321873220138836,0.3862408138528717,0.7724816277057434,2.5405624709484798,0.11134972704089535,0.0005281713784912215,7.173740009221301e+39,0.1630395456641205,9,1.199530672248821e+40,4.0484330412883066e+41,5.966632770504126e+41,8.057247841808854e+41,0.5011326145755903,1.0082e+08;6.8158e+07;3.3860e+07;3.4895e+06;4.2070e+06;8.1654e-03;3.1684e-03;3.3289e-04,OK,
spectrum_Sa-0.5_6000_RBETAwJET_rh160_pos0.h5,SANE,-0.5,6000,RBETA,ON,0,,1000000.0,15155987.0,ok,1000.0,4.0,2.0,10.0,50.0,0.0,8.79848295e+28,2.0539103391666986e+29,0.428377168283289,True,0.5500631431117,1.1001262862234,0.37590582770702113,0.7518116554140423,2.1682757286302214,0.12051340331507873,0.00011677484089345856,1.0556947219549521e+39,0.023993061862612547,9,1.7436801940765028e+39,2.2146591564944366e+41,2.5890331708625086e+41,3.496190157463414e+41,0.18598802842689455,6.9675e+07;1.4776e+07;2.1834e+06;3.1521e+04;4.6900e+06;9.6192e-05;3.5349e-06;4.9167e-08,OK,
spectrum_Sa-0.5_6000_RBETAwJET_rh160_pos1.h5,SANE,-0.5,6000,RBETA,ON,1,,1000000.0,17826640.0,ok,1000.0,4.0,2.0,10.0,50.0,1.0,5.52174851e+28,1.0976737171437692e+29,0.5030409696214656,True,0.5454508248359581,1.0909016496719162,0.3440259928901308,0.6880519857802616,2.383057575071266,0.11472341258996471,0.0002824647186644846,4.267948138944569e+39,0.0969988213396493,9,7.650092961191028e+39,2.9509947521243843e+41,3.545683624199118e+41,4.788035979052042e+41,0.32218808690021816,7.7807e+07;3.0793e+07;9.2613e+06;2.5487e+05;6.9949e+06;3.3187e-04;3.0272e-05;5.7682e-07,OK,
