branch,family,pos,F230,LX_4pi,LX_cone17,provenance,LX_over_gate,OVERALL
Sa-0.5_4000_RBETAwJET_rh160_pos0,SANE RBETAwJET,0,PASS,PASS,PASS,PASS,0.07,PASS
Sa-0.5_4000_RBETAwJET_rh160_pos1,SANE RBETAwJET,1,PASS,PASS,PASS,PASS,0.26,PASS
Sa-0.5_5000_RBETAwJET_rh160_pos0,SANE RBETAwJET,0,PASS,PASS,PASS,PASS,0.11,PASS
Sa-0.5_5000_RBETAwJET_rh160_pos1,SANE RBETAwJET,1,PASS,PASS,PASS,PASS,0.45,PASS
Sa-0.5_6000_RBETAwJET_rh160_pos0,SANE RBETAwJET,0,PASS,PASS,PASS,PASS,0.04,PASS
Sa-0.5_6000_RBETAwJET_rh160_pos1,SANE RBETAwJET,1,PASS,PASS,PASS,PASS,0.17,PASS
Sa+0.94_4000_RBETAwJET_rh160_pos0,SANE RBETAwJET,0,PASS,PASS,PASS,PASS,0.10,PASS
Sa+0.94_4000_RBETAwJET_rh160_pos1,SANE RBETAwJET,1,PASS,PASS,PASS,PASS,0.20,PASS
Sa+0.94_5000_RBETAwJET_rh160_pos0,SANE RBETAwJET,0,PASS,PASS,PASS,PASS,0.01,PASS
Sa+0.94_5000_RBETAwJET_rh160_pos1,SANE RBETAwJET,1,PASS,PASS,PASS,PASS,0.04,PASS
Sa+0.94_6000_RBETAwJET_rh160_pos0,SANE RBETAwJET,0,PASS,PASS,PASS,PASS,0.01,PASS
Sa+0.94_6000_RBETAwJET_rh160_pos1,SANE RBETAwJET,1,PASS,PASS,PASS,PASS,0.04,PASS
Ma-0.5_4000_RBETA_rh20_pos0,MAD RBETA,0,PASS,PASS,PASS,PASS,0.03,PASS
Ma-0.5_4000_RBETA_rh20_pos1,MAD RBETA,1,PASS,PASS,PASS,PASS,0.11,PASS
Ma-0.5_5000_RBETA_rh20_pos0,MAD RBETA,0,PASS,PASS,PASS,PASS,0.02,PASS
Ma-0.5_5000_RBETA_rh20_pos1,MAD RBETA,1,PASS,PASS,PASS,PASS,0.10,PASS
Ma-0.5_6000_RBETA_rh20_pos0,MAD RBETA,0,PASS,PASS,PASS,PASS,0.03,PASS
Ma-0.5_6000_RBETA_rh20_pos1,MAD RBETA,1,PASS,PASS,PASS,PASS,0.13,PASS
Ma+0.94_4000_RBETA_rh20_pos0,MAD RBETA,0,PASS,PASS,PASS,PASS,0.03,PASS
Ma+0.94_4000_RBETA_rh20_pos1,MAD RBETA,1,PASS,PASS,PASS,PASS,0.10,PASS
Ma+0.94_5000_RBETA_rh20_pos0,MAD RBETA,0,PASS,PASS,PASS,PASS,0.03,PASS
Ma+0.94_5000_RBETA_rh20_pos1,MAD RBETA,1,PASS,PASS,PASS,PASS,0.10,PASS
Ma+0.94_6000_RBETA_rh20_pos0,MAD RBETA,0,PASS,PASS,PASS,PASS,0.03,PASS
Ma+0.94_6000_RBETA_rh20_pos1,MAD RBETA,1,PASS,PASS,PASS,PASS,0.10,PASS
Sa-0.5_4000_CRITBETAwJET_rh20_bc1_f0.5_pos0,SANE CRITBETAwJET,0,PASS,PASS,PASS,PASS,0.08,PASS
Sa-0.5_4000_CRITBETAwJET_rh20_bc1_f0.5_pos1,SANE CRITBETAwJET,1,PASS,PASS,PASS,PASS,0.33,PASS
Sa-0.5_5000_CRITBETAwJET_rh20_bc1_f0.5_pos0,SANE CRITBETAwJET,0,PASS,PASS,PASS,PASS,0.11,PASS
Sa-0.5_5000_CRITBETAwJET_rh20_bc1_f0.5_pos1,SANE CRITBETAwJET,1,PASS,FAIL,PASS,PASS,1.52,FAIL
Sa-0.5_6000_CRITBETAwJET_rh20_bc1_f0.5_pos0,SANE CRITBETAwJET,0,PASS,PASS,PASS,PASS,0.06,PASS
Sa-0.5_6000_CRITBETAwJET_rh20_bc1_f0.5_pos1,SANE CRITBETAwJET,1,PASS,PASS,PASS,PASS,0.29,PASS
Sa+0.94_4000_CRITBETAwJET_rh20_bc1_f0.5_pos0,SANE CRITBETAwJET,0,PASS,PASS,PASS,PASS,0.07,PASS
Sa+0.94_4000_CRITBETAwJET_rh20_bc1_f0.5_pos1,SANE CRITBETAwJET,1,PASS,PASS,PASS,PASS,0.27,PASS
Sa+0.94_5000_CRITBETAwJET_rh20_bc1_f0.5_pos0,SANE CRITBETAwJET,0,PASS,PASS,PASS,PASS,0.07,PASS
Sa+0.94_5000_CRITBETAwJET_rh20_bc1_f0.5_pos1,SANE CRITBETAwJET,1,PASS,PASS,PASS,PASS,0.27,PASS
Sa+0.94_6000_CRITBETAwJET_rh20_bc1_f0.5_pos0,SANE CRITBETAwJET,0,PASS,PASS,PASS,PASS,0.09,PASS
Sa+0.94_6000_CRITBETAwJET_rh20_bc1_f0.5_pos1,SANE CRITBETAwJET,1,PASS,PASS,PASS,PASS,0.32,PASS
Ma-0.5_4000_CRITBETA_rh20_bc0.01_f0.5_pos0,MAD CRITBETA,0,PASS,PASS,PASS,PASS,0.00,PASS
Ma-0.5_4000_CRITBETA_rh20_bc0.01_f0.5_pos1,MAD CRITBETA,1,PASS,PASS,PASS,PASS,0.00,PASS
Ma-0.5_5000_CRITBETA_rh20_bc0.01_f0.5_pos0,MAD CRITBETA,0,PASS,PASS,PASS,PASS,0.00,PASS
Ma-0.5_5000_CRITBETA_rh20_bc0.01_f0.5_pos1,MAD CRITBETA,1,PASS,PASS,PASS,PASS,0.00,PASS
Ma-0.5_6000_CRITBETA_rh20_bc0.01_f0.5_pos0,MAD CRITBETA,0,PASS,PASS,PASS,PASS,0.00,PASS
Ma-0.5_6000_CRITBETA_rh20_bc0.01_f0.5_pos1,MAD CRITBETA,1,PASS,PASS,PASS,PASS,0.00,PASS
Ma+0.94_4000_CRITBETA_rh20_bc0.01_f0.5_pos0,MAD CRITBETA,0,PASS,PASS,PASS,PASS,0.01,PASS
Ma+0.94_4000_CRITBETA_rh20_bc0.01_f0.5_pos1,MAD CRITBETA,1,PASS,PASS,PASS,PASS,0.00,PASS
Ma+0.94_5000_CRITBETA_rh20_bc0.01_f0.5_pos0,MAD CRITBETA,0,PASS,PASS,PASS,PASS,0.00,PASS
Ma+0.94_5000_CRITBETA_rh20_bc0.01_f0.5_pos1,MAD CRITBETA,1,PASS,PASS,PASS,PASS,0.00,PASS
Ma+0.94_6000_CRITBETA_rh20_bc0.01_f0.5_pos0,MAD CRITBETA,0,PASS,PASS,PASS,PASS,0.00,PASS
Ma+0.94_6000_CRITBETA_rh20_bc0.01_f0.5_pos1,MAD CRITBETA,1,PASS,PASS,PASS,PASS,0.00,PASS
Ma+0.94_4000_RBETAwJET_rh80_pos0,MAD RBETAwJET,0,PASS,FAIL,PASS,PASS,3.11,FAIL
Ma+0.94_4000_RBETAwJET_rh80_pos1,MAD RBETAwJET,1,PASS,FAIL,FAIL,PASS,5.71,FAIL
Ma+0.94_5000_RBETAwJET_rh80_pos0,MAD RBETAwJET,0,PASS,FAIL,PASS,PASS,2.41,FAIL
Ma+0.94_5000_RBETAwJET_rh80_pos1,MAD RBETAwJET,1,PASS,FAIL,PASS,PASS,4.09,FAIL
Ma+0.94_6000_RBETAwJET_rh80_pos0,MAD RBETAwJET,0,PASS,FAIL,PASS,PASS,1.31,FAIL
Ma+0.94_6000_RBETAwJET_rh80_pos1,MAD RBETAwJET,1,PASS,FAIL,PASS,PASS,2.50,FAIL
Ma-0.5_4000_RBETAwJET_rh80_pos0,MAD RBETAwJET,0,PASS,FAIL,FAIL,PASS,2.85,FAIL
Ma-0.5_4000_RBETAwJET_rh80_pos1,MAD RBETAwJET,1,PASS,FAIL,FAIL,PASS,5.08,FAIL
Ma-0.5_5000_RBETAwJET_rh80_pos0,MAD RBETAwJET,0,PASS,FAIL,FAIL,PASS,2.95,FAIL
Ma-0.5_5000_RBETAwJET_rh80_pos1,MAD RBETAwJET,1,PASS,FAIL,FAIL,PASS,5.22,FAIL
Ma-0.5_6000_RBETAwJET_rh80_pos0,MAD RBETAwJET,0,PASS,FAIL,FAIL,PASS,2.39,FAIL
Ma-0.5_6000_RBETAwJET_rh80_pos1,MAD RBETAwJET,1,PASS,FAIL,FAIL,PASS,4.55,FAIL
Ma+0.94_4000_CRITBETAwJET_rh20_bc0.01_f0.5_pos0,MAD CRITBETAwJET,0,PASS,PASS,PASS,PASS,0.89,PASS
Ma+0.94_4000_CRITBETAwJET_rh20_bc0.01_f0.5_pos1,MAD CRITBETAwJET,1,PASS,FAIL,PASS,PASS,1.52,FAIL
Ma+0.94_5000_CRITBETAwJET_rh20_bc0.01_f0.5_pos0,MAD CRITBETAwJET,0,PASS,PASS,PASS,PASS,0.73,PASS
Ma+0.94_5000_CRITBETAwJET_rh20_bc0.01_f0.5_pos1,MAD CRITBETAwJET,1,PASS,FAIL,PASS,PASS,1.18,FAIL
Ma+0.94_6000_CRITBETAwJET_rh20_bc0.01_f0.5_pos0,MAD CRITBETAwJET,0,PASS,PASS,PASS,PASS,0.41,PASS
Ma+0.94_6000_CRITBETAwJET_rh20_bc0.01_f0.5_pos1,MAD CRITBETAwJET,1,PASS,PASS,PASS,PASS,0.71,PASS
Ma-0.5_4000_CRITBETAwJET_rh20_bc0.01_f0.5_pos0,MAD CRITBETAwJET,0,PASS,PASS,PASS,PASS,0.74,PASS
Ma-0.5_4000_CRITBETAwJET_rh20_bc0.01_f0.5_pos1,MAD CRITBETAwJET,1,PASS,FAIL,PASS,PASS,1.28,FAIL
Ma-0.5_5000_CRITBETAwJET_rh20_bc0.01_f0.5_pos0,MAD CRITBETAwJET,0,PASS,PASS,PASS,PASS,0.77,PASS
Ma-0.5_5000_CRITBETAwJET_rh20_bc0.01_f0.5_pos1,MAD CRITBETAwJET,1,PASS,FAIL,PASS,PASS,1.27,FAIL
Ma-0.5_6000_CRITBETAwJET_rh20_bc0.01_f0.5_pos0,MAD CRITBETAwJET,0,PASS,PASS,PASS,PASS,0.62,PASS
Ma-0.5_6000_CRITBETAwJET_rh20_bc0.01_f0.5_pos1,MAD CRITBETAwJET,1,PASS,FAIL,PASS,PASS,1.11,FAIL
