spectrum,M_unit,bias,paper_literal,positron_ratio,run_status,F230_4pi_Jy,F230_4pi_loglog_Jy,F230_cone17_Jy,L_X_4pi,L_X_cone17,L_bol_4pi,compton_fraction,gate_F230,gate_LX_4pi,gate_provenance,Munit_vs_jul,F230cone_vs_jul,LX_vs_jul,Ns,with_electrons
spectrum_Ma+0.94_4000_CRITBETA_rh20_bc0.01_f0.5_pos0.h5,9.01887773e+24,0.05,nan,0.0,ok,0.4957930337291489,0.500543128297035,0.2449060413701873,2.228717511292218e+38,8.268981019523452e+37,2.3416241468931935e+41,0.07074784023571067,PASS,PASS,PASS,1.0,0.9694917512030158,1.0300561290679715,1000000.0,3.0
spectrum_Ma+0.94_4000_CRITBETA_rh20_bc0.01_f0.5_pos1.h5,4.84718288e+24,0.05,nan,1.0,ok,0.5138066693243978,0.5167970762668076,0.23409913969455348,2.016963886660952e+38,2.4070859779058644e+37,2.118529491785025e+41,0.10937066527232872,PASS,PASS,PASS,1.0,0.9066696873027619,0.9983803842705165,1000000.0,3.0
spectrum_Ma+0.94_4000_CRITBETAwJET_rh20_bc0.01_f0.5_pos0.h5,9.01887773e+24,0.05,1.0,0.0,ok,0.5075796864037696,0.5253692594468974,0.18635096045428792,3.9101407760929705e+40,7.204638357305802e+39,4.683939657825966e+41,0.34068737046386255,PASS,PASS,PASS,nan,nan,nan,1000000.0,5.0
spectrum_Ma+0.94_4000_CRITBETAwJET_rh20_bc0.01_f0.5_pos1.h5,5.21999063e+24,0.05,1.0,1.0,ok,0.4961273606029712,0.515699767682651,0.16850279614213642,6.702474995469639e+40,1.1224512695577828e+40,5.917854724932405e+41,0.4785991616827078,PASS,FAIL,PASS,nan,nan,nan,1000000.0,5.0
spectrum_Ma+0.94_4000_RBETA_rh20_pos0.h5,1.04489084e+25,0.05,nan,0.0,ok,0.49745692508371975,0.5193365585890071,0.15590679961296813,1.2760883996041031e+39,2.815052794305566e+38,1.980948237518338e+41,0.20138742852532804,PASS,PASS,PASS,1.0,0.9548061783750887,1.0030010619395484,1000000.0,2.0
spectrum_Ma+0.94_4000_RBETA_rh20_pos1.h5,6.27086419e+24,0.05,nan,1.0,ok,0.49005868211890913,0.5177775249486207,0.13894429142990888,4.5792439720296495e+39,1.034119602738888e+39,2.4741792626934864e+41,0.32989310727390725,PASS,PASS,PASS,1.0,0.920505663626806,1.0045485381571577,1000000.0,2.0
spectrum_Ma+0.94_4000_RBETAwJET_rh80_pos0.h5,7.44334189e+24,0.05,1.0,0.0,ok,0.48282291843025527,0.5014081745811002,0.17104684543564191,1.36752493768363e+41,2.875449155944966e+40,8.881716951932535e+41,0.4950572254941437,PASS,FAIL,PASS,nan,nan,nan,1000000.0,4.0
spectrum_Ma+0.94_4000_RBETAwJET_rh80_pos1.h5,4.37018984e+24,0.05,1.0,1.0,ok,0.5054090997931989,0.5243252865360578,0.19722798994565935,2.5136635449879984e+41,5.125497606010751e+40,1.2873606196045726e+42,0.6401930107729474,PASS,FAIL,PASS,nan,nan,nan,1000000.0,4.0
spectrum_Ma+0.94_5000_CRITBETA_rh20_bc0.01_f0.5_pos0.h5,1.29669709e+25,0.05,nan,0.0,ok,0.5220812786572009,0.5270987843379734,0.26595850879985666,2.093695722870264e+38,5.126128847850053e+37,2.3574810901575234e+41,0.06850344199421277,PASS,PASS,PASS,1.0,0.9515265454469817,1.2740406446092922,1000000.0,3.0
spectrum_Ma+0.94_5000_CRITBETA_rh20_bc0.01_f0.5_pos1.h5,6.8237291e+24,0.05,nan,1.0,ok,0.5097769470500719,0.5149060738173494,0.24262128639374314,1.5638484343473698e+38,4.659855660263251e+37,2.0352967655323878e+41,0.10416206229474559,PASS,PASS,PASS,1.0,1.0507605097407717,1.0941689438827955,1000000.0,3.0
spectrum_Ma+0.94_5000_CRITBETAwJET_rh20_bc0.01_f0.5_pos0.h5,1.25545979e+25,0.05,1.0,0.0,ok,0.5009165203752702,0.5187705539244815,0.1952086312920485,3.1987877155349263e+40,4.3453875478132875e+39,3.989808122869583e+41,0.32582838141066256,PASS,PASS,PASS,nan,nan,nan,1000000.0,5.0
spectrum_Ma+0.94_5000_CRITBETAwJET_rh20_bc0.01_f0.5_pos1.h5,7.19387049e+24,0.05,1.0,1.0,ok,0.5006925196114779,0.5190376289205612,0.18770760797983613,5.188652468016813e+40,8.095170525473511e+39,4.851221574585947e+41,0.457034085495598,PASS,FAIL,PASS,nan,nan,nan,1000000.0,5.0
spectrum_Ma+0.94_5000_RBETA_rh20_pos0.h5,1.44588445e+25,0.05,nan,0.0,ok,0.5029386885129659,0.5253221002411396,0.14363676938257766,1.1727728088009476e+39,2.7472666486418007e+38,1.8871117280486743e+41,0.20211147861509385,PASS,PASS,PASS,1.0,1.0191468795047234,1.0065112201704034,1000000.0,2.0
spectrum_Ma+0.94_5000_RBETA_rh20_pos1.h5,8.65851127e+24,0.05,nan,1.0,ok,0.4998232069319068,0.5275714553718733,0.13468704078027322,4.320868655493674e+39,9.639104524779443e+38,2.350018503341601e+41,0.32784114273761694,PASS,PASS,PASS,1.0,1.0092159413392208,0.9944205410278016,1000000.0,2.0
spectrum_Ma+0.94_5000_RBETAwJET_rh80_pos0.h5,1.02965771e+25,0.05,1.0,0.0,ok,0.4906498408195863,0.5101786940171421,0.18975795386880953,1.0625088035798263e+41,2.256501212438558e+40,7.45663855443745e+41,0.4760915474213132,PASS,FAIL,PASS,nan,nan,nan,1000000.0,4.0
spectrum_Ma+0.94_5000_RBETAwJET_rh80_pos1.h5,5.88670613e+24,0.05,1.0,1.0,ok,0.5063488634528531,0.5225547803111299,0.22439613942116635,1.799082932608006e+41,3.119793679241167e+40,9.94239145605922e+41,0.6153921933866824,PASS,FAIL,PASS,nan,nan,nan,1000000.0,4.0
spectrum_Ma+0.94_6000_CRITBETA_rh20_bc0.01_f0.5_pos0.h5,1.76915367e+25,0.05,nan,0.0,ok,0.5103593157950697,0.515251066622636,0.2527160852584536,1.6420573171185047e+38,1.840556552603936e+37,2.3147205747464715e+41,0.07193831163642886,PASS,PASS,PASS,1.0,1.0040338410443879,0.8550624371621204,1000000.0,3.0
spectrum_Ma+0.94_6000_CRITBETA_rh20_bc0.01_f0.5_pos1.h5,9.38480278e+24,0.05,nan,1.0,ok,0.5079331048365607,0.5143164275227684,0.2344264842604099,1.5651923178373479e+38,5.844051058186023e+37,2.0480295924674145e+41,0.10966112444641903,PASS,PASS,PASS,1.0,0.9593850494007318,0.9300872743276953,1000000.0,3.0
spectrum_Ma+0.94_6000_CRITBETAwJET_rh20_bc0.01_f0.5_pos0.h5,2.04983757e+25,0.05,1.0,0.0,ok,0.5078316839513402,0.529999203966589,0.14571396246163962,1.8192996424134662e+40,3.641699837637353e+39,2.9857849022801784e+41,0.2758079900086157,PASS,PASS,PASS,nan,nan,nan,1000000.0,5.0
spectrum_Ma+0.94_6000_CRITBETAwJET_rh20_bc0.01_f0.5_pos1.h5,1.21168431e+25,0.05,1.0,1.0,ok,0.5073870615067375,0.5313963648652388,0.1232050727996665,3.1377071938783085e+40,6.533694505371881e+39,3.727790361649152e+41,0.39753107301356755,PASS,PASS,PASS,nan,nan,nan,1000000.0,5.0
spectrum_Ma+0.94_6000_RBETA_rh20_pos0.h5,1.89656907e+25,0.05,nan,0.0,ok,0.5008846306618624,0.5252714988815369,0.08549533564665504,1.1897178051956205e+39,1.6096579284652145e+38,1.8186180413467693e+41,0.19360588374025492,PASS,PASS,PASS,1.0,0.9534771503313745,0.9991787350094193,1000000.0,2.0
spectrum_Ma+0.94_6000_RBETA_rh20_pos1.h5,1.13791142e+25,0.05,nan,1.0,ok,0.501109045969973,0.5294978570663516,0.07902246775882049,4.4081091946866897e+39,6.090016649902824e+38,2.2596173779585023e+41,0.3190394453529759,PASS,PASS,PASS,1.0,1.0475077453254522,1.0036724230281684,1000000.0,2.0
spectrum_Ma+0.94_6000_RBETAwJET_rh80_pos0.h5,1.66011292e+25,0.05,1.0,0.0,ok,0.48737925366201323,0.5085468943981796,0.13202333197814836,5.748900469101528e+40,1.2651274653177561e+40,4.947286005424776e+41,0.4221913495266836,PASS,FAIL,PASS,nan,nan,nan,1000000.0,4.0
spectrum_Ma+0.94_6000_RBETAwJET_rh80_pos1.h5,9.79148641e+24,0.05,1.0,1.0,ok,0.498459305210089,0.5205317370527437,0.11689325922624871,1.099597956939835e+41,2.511633820660416e+40,6.975323764053533e+41,0.5738800439086046,PASS,FAIL,PASS,nan,nan,nan,1000000.0,4.0
spectrum_Ma-0.5_4000_CRITBETA_rh20_bc0.01_f0.5_pos0.h5,5.27879435e+25,0.05,nan,0.0,ok,0.4763854632744426,0.49064898993037986,0.394890753525054,5.246635256961929e+37,5.609797181859286e+37,1.5385532373565892e+41,0.035260170443203204,PASS,PASS,PASS,1.0,1.0079390755902524,1.1957807489686152,1000000.0,3.0
spectrum_Ma-0.5_4000_CRITBETA_rh20_bc0.01_f0.5_pos1.h5,3.00007271e+25,0.05,nan,1.0,ok,0.4894776121521456,0.5047508848567394,0.40007750235559997,6.422785720453749e+37,1.127269071253743e+38,1.5204782312055997e+41,0.0590405938664016,PASS,PASS,PASS,1.0,1.0260343164423409,1.4641428876198674,1000000.0,3.0
spectrum_Ma-0.5_4000_CRITBETAwJET_rh20_bc0.01_f0.5_pos0.h5,3.58002643e+25,0.05,1.0,0.0,ok,0.5045061224680627,0.5343563683909398,0.30347077938271083,3.263391552533419e+40,2.194713675270302e+40,4.480223475672993e+41,0.32077980453453203,PASS,PASS,PASS,nan,nan,nan,1000000.0,5.0
spectrum_Ma-0.5_4000_CRITBETAwJET_rh20_bc0.01_f0.5_pos1.h5,2.08592937e+25,0.05,1.0,1.0,ok,0.479749506302471,0.5053086456173018,0.2967408921906303,5.644551239470532e+40,3.6752538062364263e+40,5.650022028465826e+41,0.45672854848887745,PASS,FAIL,PASS,nan,nan,nan,1000000.0,5.0
spectrum_Ma-0.5_4000_RBETA_rh20_pos0.h5,4.50143011e+25,0.45000000000000007,nan,0.0,ok,0.4906911131337909,0.5228092702235817,0.3078977805348382,1.168533341002417e+39,7.065956559485201e+38,2.561492911051148e+41,0.1782358657685515,PASS,PASS,PASS,1.0,1.0310735363752093,0.9915700317938019,1000000.0,2.0
spectrum_Ma-0.5_4000_RBETA_rh20_pos1.h5,2.79518669e+25,0.3375,nan,1.0,ok,0.49384106256568217,0.5322391659827964,0.33127661906456385,4.736960230486702e+39,2.9018907830766143e+39,3.35008277183703e+41,0.30648792215198245,PASS,PASS,PASS,1.0,1.1029660796578769,1.0041161127388423,1000000.0,2.0
spectrum_Ma-0.5_4000_RBETAwJET_rh80_pos0.h5,3.11829159e+25,0.05,1.0,0.0,ok,0.4928229218991226,0.5191382603376107,0.29886449084913197,1.2535396428307433e+41,8.47587524475969e+40,8.653209952794207e+41,0.4777624889603565,PASS,FAIL,PASS,nan,nan,nan,1000000.0,4.0
spectrum_Ma-0.5_4000_RBETAwJET_rh80_pos1.h5,1.81468483e+25,0.05,1.0,1.0,ok,0.47914427575386515,0.5036145135087486,0.28574024855969626,2.2339916925483908e+41,1.4554396363527836e+41,1.2005529211790066e+42,0.6222906170771122,PASS,FAIL,PASS,nan,nan,nan,1000000.0,4.0
spectrum_Ma-0.5_5000_CRITBETA_rh20_bc0.01_f0.5_pos0.h5,6.81248514e+25,0.05,nan,0.0,ok,0.4882804148604917,0.5017802529902688,0.3956012081820886,2.8879347734022086e+37,2.0535446661576458e+37,1.6002770187055846e+41,0.036959650192245654,PASS,PASS,PASS,1.0,1.0958062740197259,0.8719807369387581,1000000.0,3.0
spectrum_Ma-0.5_5000_CRITBETA_rh20_bc0.01_f0.5_pos1.h5,3.8622639e+25,0.05,nan,1.0,ok,0.4920753613356474,0.5066141176325066,0.4036380405016628,3.926517988527722e+37,4.54239281308424e+37,1.575857807006384e+41,0.06192588538189388,PASS,PASS,PASS,1.0,1.062649432334328,1.086460436385592,1000000.0,3.0
spectrum_Ma-0.5_5000_CRITBETAwJET_rh20_bc0.01_f0.5_pos0.h5,4.86665943e+25,0.05,1.0,0.0,ok,0.4999917965250464,0.521101969262435,0.36211574566161886,3.4006965073494986e+40,2.1329978787042934e+40,4.488805197649784e+41,0.3190829906663936,PASS,PASS,PASS,nan,nan,nan,1000000.0,5.0
spectrum_Ma-0.5_5000_CRITBETAwJET_rh20_bc0.01_f0.5_pos1.h5,2.82855341e+25,0.05,1.0,1.0,ok,0.5015941550581188,0.5222344323599478,0.3626484370944579,5.581205800074602e+40,3.562726760440911e+40,5.652656942289657e+41,0.4577502890687985,PASS,FAIL,PASS,nan,nan,nan,1000000.0,5.0
spectrum_Ma-0.5_5000_RBETA_rh20_pos0.h5,5.47839678e+25,0.05,nan,0.0,ok,0.5048876445022027,0.5417911494830869,0.33993491900710243,1.0867793920291785e+39,7.095554677978648e+38,2.627379291383216e+41,0.16372420549990357,PASS,PASS,PASS,1.0,1.0397345822087949,0.9934145136182979,1000000.0,2.0
spectrum_Ma-0.5_5000_RBETA_rh20_pos1.h5,3.35109355e+25,0.05,nan,1.0,ok,0.5031605747090186,0.5404640088109502,0.3049536212266458,4.2999445787860223e+39,2.5535955187638906e+39,3.2676591136447768e+41,0.27882087393498767,PASS,PASS,PASS,1.0,1.0114446477682077,1.0156251481224714,1000000.0,2.0
spectrum_Ma-0.5_5000_RBETAwJET_rh80_pos0.h5,4.04708639e+25,0.05,1.0,0.0,ok,0.49719319513312693,0.516568736352953,0.3465883133116125,1.2996500441800198e+41,8.237293104746435e+40,8.79899867690495e+41,0.47718550051579384,PASS,FAIL,PASS,nan,nan,nan,1000000.0,4.0
spectrum_Ma-0.5_5000_RBETAwJET_rh80_pos1.h5,2.3390484e+25,0.05,1.0,1.0,ok,0.5019003071516577,0.522743126774307,0.3558940484506294,2.295772270960884e+41,1.4646728580350964e+41,1.2053043293478699e+42,0.6227067090879514,PASS,FAIL,PASS,nan,nan,nan,1000000.0,4.0
spectrum_Ma-0.5_6000_CRITBETA_rh20_bc0.01_f0.5_pos0.h5,9.38780636e+25,0.05,nan,0.0,ok,0.4900207403417968,0.5005788027210507,0.3634761041861438,2.3457485616885022e+37,2.1955330614881945e+37,1.5280996951625628e+41,0.03368397574916097,PASS,PASS,PASS,1.0,1.0005032859144218,0.7411503691934661,1000000.0,3.0
spectrum_Ma-0.5_6000_CRITBETA_rh20_bc0.01_f0.5_pos1.h5,5.40189743e+25,0.05,nan,1.0,ok,0.501227362405586,0.5169452064697586,0.3653673412992098,4.663158526272533e+37,3.652260207781754e+37,1.5491185023367338e+41,0.05818241527061572,PASS,PASS,PASS,1.0,0.929561830980584,0.6810913900803107,1000000.0,3.0
spectrum_Ma-0.5_6000_CRITBETAwJET_rh20_bc0.01_f0.5_pos0.h5,6.59382149e+25,0.05,1.0,0.0,ok,0.4799021260388228,0.5061445273038951,0.2859635571089146,2.718131041158487e+40,1.6938247283944949e+40,3.619141053952746e+41,0.3217290782076385,PASS,PASS,PASS,nan,nan,nan,1000000.0,5.0
spectrum_Ma-0.5_6000_CRITBETAwJET_rh20_bc0.01_f0.5_pos1.h5,3.92443434e+25,0.05,1.0,1.0,ok,0.4754583416892047,0.5028448350681403,0.2945339983223189,4.89370759622441e+40,3.13720665404892e+40,4.8312000209695664e+41,0.464519121408796,PASS,FAIL,PASS,nan,nan,nan,1000000.0,5.0
spectrum_Ma-0.5_6000_RBETA_rh20_pos0.h5,7.19021611e+25,0.05,nan,0.0,ok,0.4963543161053658,0.523955114636405,0.3272093917407849,1.380705319831854e+39,7.491588301188823e+38,2.3947457308164804e+41,0.1975597788779596,PASS,PASS,PASS,1.0,1.0034914064987674,1.0044671999709263,1000000.0,2.0
spectrum_Ma-0.5_6000_RBETA_rh20_pos1.h5,4.45011977e+25,0.05,nan,1.0,ok,0.4880559633306234,0.5239765921833073,0.3257047632959313,5.599374429779455e+39,3.411217115242035e+39,3.1783066035506018e+41,0.3326435207933534,PASS,PASS,PASS,1.0,0.9203477881896887,0.9859198871828422,1000000.0,2.0
spectrum_Ma-0.5_6000_RBETAwJET_rh80_pos0.h5,5.56269732e+25,0.05,1.0,0.0,ok,0.49745533759762667,0.526208644376633,0.3346571377262006,1.0530169208379313e+41,7.015149022536912e+40,7.089372174607425e+41,0.5012284025972983,PASS,FAIL,PASS,nan,nan,nan,1000000.0,4.0
spectrum_Ma-0.5_6000_RBETAwJET_rh80_pos1.h5,3.33093588e+25,0.05,1.0,1.0,ok,0.5041879527392098,0.5294717934258485,0.3204664734659023,2.0006604890575305e+41,1.361840967654365e+41,1.0649191933188972e+42,0.6492946275355657,PASS,FAIL,PASS,nan,nan,nan,1000000.0,4.0
spectrum_Sa+0.94_4000_CRITBETAwJET_rh20_bc1_f0.5_pos0.h5,1.08359878e+27,0.16875,1.0,0.0,ok,0.4913049222531483,0.5377173434518898,0.027187718605306867,3.240657788583439e+39,1.706165650252128e+39,2.578163395531711e+41,0.271403755791196,PASS,PASS,PASS,1.0,1.1604106104300003,1.209432847713209,1000000.0,5.0
spectrum_Sa+0.94_4000_CRITBETAwJET_rh20_bc1_f0.5_pos1.h5,6.85123657e+26,0.25312500000000004,1.0,1.0,ok,0.4842293084753554,0.5282268925434388,0.02498777824843618,1.2014142993503801e+40,3.5991912162548337e+39,3.738662611734261e+41,0.46101206749917967,PASS,PASS,PASS,1.0,1.1750525479555667,1.1303313160117148,1000000.0,5.0
spectrum_Sa+0.94_4000_RBETAwJET_rh160_pos0.h5,2.9051262e+27,0.5062500000000001,1.0,0.0,ok,0.5142180486830948,0.543972898911107,0.12977718206833247,4.3279856331243795e+39,1.0349076555571753e+40,2.0361242227758016e+41,0.20458677514598703,PASS,PASS,PASS,1.0,0.9702590753215856,10.298094493646811,1000000.0,4.0
spectrum_Sa+0.94_4000_RBETAwJET_rh160_pos1.h5,1.78118234e+27,0.5062500000000001,1.0,1.0,ok,0.5204279834416409,0.5554966496977412,0.13006668439749855,8.868461869158811e+39,1.8491637533021972e+40,2.6658133113018732e+41,0.3331493944023438,PASS,PASS,PASS,1.0,1.097475085682951,5.316762311599605,1000000.0,4.0
spectrum_Sa+0.94_5000_CRITBETAwJET_rh20_bc1_f0.5_pos0.h5,1.42177048e+27,0.3375,1.0,0.0,ok,0.4937002217863984,0.5365014286311276,0.05272362858504997,2.922690491019115e+39,4.8236049412546274e+38,2.7577279564442236e+41,0.24636452640018755,PASS,PASS,PASS,1.0,1.1612495690047355,1.035589343937947,1000000.0,5.0
spectrum_Sa+0.94_5000_CRITBETAwJET_rh20_bc1_f0.5_pos1.h5,9.03279238e+26,0.5062500000000001,1.0,1.0,ok,0.4870871253199424,0.5322970245800743,0.048806843857017335,1.186331825927499e+40,9.36214408689217e+38,3.963130565267079e+41,0.42547909467840517,PASS,PASS,PASS,1.0,0.992841612093675,1.05766158818333,1000000.0,5.0
spectrum_Sa+0.94_5000_RBETAwJET_rh160_pos0.h5,1.99440691e+27,0.675,1.0,0.0,ok,0.5145745470877988,0.5494592318148026,0.09958764690040724,4.9027294536847594e+38,2.5251497492648896e+38,1.7497958769991123e+41,0.11521533463684017,PASS,PASS,PASS,1.0,1.0686059606995792,1.2916092260385867,1000000.0,4.0
spectrum_Sa+0.94_5000_RBETAwJET_rh160_pos1.h5,1.20993354e+27,1.0125000000000002,1.0,1.0,ok,0.5005498669419449,0.5343724989658243,0.09011816766266006,1.633679954906305e+39,4.903514692323e+38,2.0685759446356963e+41,0.20015528445206557,PASS,PASS,PASS,1.0,1.134032983973831,1.132291824087033,1000000.0,4.0
spectrum_Sa+0.94_6000_CRITBETAwJET_rh20_bc1_f0.5_pos0.h5,1.4094203e+27,0.675,1.0,0.0,ok,0.5232899314697694,0.5639149565256064,0.0367812614903419,3.873781849324111e+39,1.6019120033403092e+38,2.5138934750105697e+41,0.2684842362493739,PASS,PASS,PASS,1.0,1.1730383050003197,1.0072452716251703,1000000.0,5.0
spectrum_Sa+0.94_6000_CRITBETAwJET_rh20_bc1_f0.5_pos1.h5,8.6451557e+26,0.5636730193359203,1.0,1.0,ok,0.4903164506023462,0.5300458499251524,0.03037198340613649,1.392132093734049e+40,4.4449880417912e+38,3.4357305456788044e+41,0.44342155303666014,PASS,PASS,PASS,1.0,1.1652886903483388,1.0017948432042811,1000000.0,5.0
spectrum_Sa+0.94_6000_RBETAwJET_rh160_pos0.h5,2.02283355e+27,2.363647680417464,1.0,0.0,ok,0.5189475924706273,0.5501069399288264,0.075861219419261,4.69982806134937e+38,7.664020014809227e+37,1.7331865449534379e+41,0.11756623757713607,PASS,PASS,PASS,1.0,1.0286211020122464,1.0848027499021404,1000000.0,4.0
spectrum_Sa+0.94_6000_RBETAwJET_rh160_pos1.h5,1.23886548e+27,2.774622343064839,1.0,1.0,ok,0.5136317260140717,0.5508461319821015,0.06165034669129407,1.7642321602134487e+39,2.319754544524867e+38,2.0949161588563577e+41,0.20506534826802386,PASS,PASS,PASS,1.0,0.9796424926529362,1.0394978126546652,1000000.0,4.0
spectrum_Sa-0.5_4000_CRITBETAwJET_rh20_bc1_f0.5_pos0.h5,3.81220332e+28,5.062500000000002,1.0,0.0,ok,0.5140357728596097,0.5574733092088032,0.19491942276907748,3.3328860225873685e+39,1.5438025907549707e+39,3.0342782458232152e+41,0.296082454493388,PASS,PASS,PASS,1.0,1.0413324310544405,1.0087352811547352,1000000.0,5.0
spectrum_Sa-0.5_4000_CRITBETAwJET_rh20_bc1_f0.5_pos1.h5,2.42464766e+28,3.7198790302911737,1.0,1.0,ok,0.5163650024852507,0.5627090974040102,0.18915646728243105,1.4311672077484047e+40,6.264407447337338e+39,4.717341238947355e+41,0.48588082274710986,PASS,PASS,PASS,1.0,1.0873026263746812,1.0275801833138372,1000000.0,5.0
spectrum_Sa-0.5_4000_RBETAwJET_rh160_pos0.h5,3.72628145e+28,5.697655767945271,1.0,0.0,ok,0.48183555869589806,0.5247030264530244,0.1830013777596961,2.863245508489649e+39,2.769307093093754e+39,2.3438421001721727e+41,0.21590298336407293,PASS,PASS,PASS,1.0,1.0834099214472657,1.1732516521319067,1000000.0,4.0
spectrum_Sa-0.5_4000_RBETAwJET_rh160_pos1.h5,2.4040182e+28,10.375037650534093,1.0,1.0,ok,0.5088162819280435,0.5560192678362496,0.17937109400729806,1.15124804243832e+40,5.038203453753377e+39,3.594802282948589e+41,0.36564666842681187,PASS,PASS,PASS,1.0310867160395343,1.1043321334493823,1.1154881241634609,1000000.0,4.0
spectrum_Sa-0.5_5000_CRITBETAwJET_rh20_bc1_f0.5_pos0.h5,4.23715777e+28,0.05,1.0,0.0,ok,0.4931349510178221,0.5426421684262217,0.28109918638149467,5.0039743486429016e+39,3.7930702410854616e+39,3.402796759927759e+41,0.25789390996155626,PASS,PASS,PASS,1.0,1.0151554566924725,1.1867043563130213,1000000.0,5.0
spectrum_Sa-0.5_5000_CRITBETAwJET_rh20_bc1_f0.5_pos1.h5,2.72083594e+28,0.05,1.0,1.0,ok,0.48205313105644493,0.5357074756943255,0.2694750198328888,6.707051412866685e+40,3.627893379805974e+38,6.533640606399723e+41,0.5429145122832396,PASS,FAIL,PASS,1.0,1.0593115653980565,3.5398461003359034,1000000.0,5.0
spectrum_Sa-0.5_5000_RBETAwJET_rh160_pos0.h5,4.33350115e+28,0.05,1.0,0.0,ok,0.5146715523230392,0.562067604310168,0.29979089431171135,4.8317158303474114e+39,9.070001481909424e+36,3.2292946173425347e+41,0.22538186562929557,PASS,PASS,PASS,1.0,1.0318582449023797,1.3137406947799628,1000000.0,4.0
spectrum_Sa-0.5_5000_RBETAwJET_rh160_pos1.h5,2.80515165e+28,0.05,1.0,1.0,ok,0.5235196471909436,0.5784389461059233,0.2816136592924647,1.9772317058273457e+40,7.511368278271796e+35,4.929008289918612e+41,0.3774212440492406,PASS,PASS,PASS,1.0,1.0252788075102792,1.1265561021323127,1000000.0,4.0
spectrum_Sa-0.5_6000_CRITBETAwJET_rh20_bc1_f0.5_pos0.h5,8.20030883e+28,8.033329011063843,1.0,0.0,ok,0.48351310663599345,0.523751721941512,0.3461382225552544,2.5525031007234547e+39,1.4378486822872347e+39,3.715890943099036e+41,0.296031072716187,PASS,PASS,PASS,1.0,0.911940567346961,0.9491633607932122,1000000.0,5.0
spectrum_Sa-0.5_6000_CRITBETAwJET_rh20_bc1_f0.5_pos1.h5,5.31216886e+28,12.341906929914302,1.0,1.0,ok,0.5234686252722934,0.5656204532947754,0.35319794981192987,1.2849675352996721e+40,7.667175759954187e+39,6.101338813190817e+41,0.49211355356573766,PASS,PASS,PASS,1.0,0.9144500973076123,1.0712252425281283,1000000.0,5.0
spectrum_Sa-0.5_6000_RBETAwJET_rh160_pos0.h5,8.79848295e+28,15.834264383653212,1.0,0.0,ok,0.48799405169583976,0.530944872034192,0.3539954840114944,1.7518458012589713e+39,1.0145900563724977e+39,2.5926946235332072e+41,0.1886562984799419,PASS,PASS,PASS,1.0,0.9417132109146136,1.0046829729500903,1000000.0,4.0
spectrum_Sa-0.5_6000_RBETAwJET_rh160_pos1.h5,5.52174851e+28,21.490297592751013,1.0,1.0,ok,0.5003148959899881,0.5434996721129486,0.3462726662206452,7.601757368534884e+39,4.6289878005726706e+39,3.80045376871378e+41,0.30388915706205444,PASS,PASS,PASS,1.0,1.0065305336717156,0.9936816986536829,1000000.0,4.0
