path,with_electrons_from_name,with_electrons_from_meta,sigma_transition,constant_beta_e0,constant_beta_e0_exponent,jet_sigma_cut,jet_beta_cut,jet_thetae,jet_ne_mult,hard_override_reachable,exponent_is_zero,name_meta_mismatch,error
/work/vmo703/igrmonty_outputs/m87/5e4_test/spectrum_Sa+0.94_4000_CRITBETAwJET_pos0.h5,5 (CRITBETAwJET),5.0,1.0,0.1,1.0,-1.0,-1.0,0.0,1.0,no (inert defaults),no,no,
/work/vmo703/igrmonty_outputs/m87/5e4_test/spectrum_Sa+0.94_4000_RBETAwJET_pos0.h5,4 (RBETAwJET),4.0,1.0,0.1,1.0,-1.0,-1.0,0.0,1.0,no (inert defaults),no,no,
/work/vmo703/igrmonty_outputs/m87/5e4_test/spectrum_Sa+0.94_5000_CRITBETAwJET_pos0.h5,5 (CRITBETAwJET),5.0,1.0,0.1,1.0,-1.0,-1.0,0.0,1.0,no (inert defaults),no,no,
/work/vmo703/igrmonty_outputs/m87/5e4_test/spectrum_Sa+0.94_5000_RBETAwJET_pos0.h5,4 (RBETAwJET),4.0,1.0,0.1,1.0,-1.0,-1.0,0.0,1.0,no (inert defaults),no,no,
/work/vmo703/igrmonty_outputs/m87/5e4_test/spectrum_Sa-0.5_4000_CRITBETAwJET_pos0.h5,5 (CRITBETAwJET),5.0,1.0,0.1,1.0,-1.0,-1.0,0.0,1.0,no (inert defaults),no,no,
/work/vmo703/igrmonty_outputs/m87/5e4_test/spectrum_Sa-0.5_4000_RBETAwJET_pos0.h5,4 (RBETAwJET),4.0,1.0,0.1,1.0,-1.0,-1.0,0.0,1.0,no (inert defaults),no,no,
/work/vmo703/igrmonty_outputs/m87/5e4_test/spectrum_Sa-0.5_5000_CRITBETAwJET_pos0.h5,5 (CRITBETAwJET),5.0,1.0,0.1,1.0,-1.0,-1.0,0.0,1.0,no (inert defaults),no,no,
/work/vmo703/igrmonty_outputs/m87/5e4_test/spectrum_Sa-0.5_5000_RBETAwJET_pos0.h5,4 (RBETAwJET),4.0,1.0,0.1,1.0,-1.0,-1.0,0.0,1.0,no (inert defaults),no,no,
/work/vmo703/igrmonty_outputs/m87/spectrum_Sa+0.94_4000_CRITBETAwJET_rh20_bc1_f0.5_pos0.h5,5 (CRITBETAwJET),5.0,2.0,0.1,0.0,10.0,0.1,50.0,1.0,YES,YES,no,
/work/vmo703/igrmonty_outputs/m87/spectrum_Sa+0.94_4000_CRITBETAwJET_rh20_bc1_f0.5_pos1.h5,5 (CRITBETAwJET),5.0,2.0,0.1,0.0,10.0,0.1,50.0,1.0,YES,YES,no,
/work/vmo703/igrmonty_outputs/m87/spectrum_Sa+0.94_4000_RBETAwJET_rh160_pos0.h5,4 (RBETAwJET),4.0,2.0,0.1,0.0,10.0,0.1,50.0,1.0,YES,YES,no,
/work/vmo703/igrmonty_outputs/m87/spectrum_Sa+0.94_4000_RBETAwJET_rh160_pos1.h5,4 (RBETAwJET),4.0,2.0,0.1,0.0,10.0,0.1,50.0,1.0,YES,YES,no,
/work/vmo703/igrmonty_outputs/m87/spectrum_Sa+0.94_5000_CRITBETAwJET_rh20_bc1_f0.5_pos0.h5,5 (CRITBETAwJET),5.0,2.0,0.1,0.0,10.0,0.1,50.0,1.0,YES,YES,no,
/work/vmo703/igrmonty_outputs/m87/spectrum_Sa+0.94_5000_CRITBETAwJET_rh20_bc1_f0.5_pos1.h5,5 (CRITBETAwJET),5.0,2.0,0.1,0.0,10.0,0.1,50.0,1.0,YES,YES,no,
/work/vmo703/igrmonty_outputs/m87/spectrum_Sa+0.94_5000_RBETAwJET_rh160_pos0.h5,4 (RBETAwJET),4.0,2.0,0.1,0.0,10.0,0.1,50.0,1.0,YES,YES,no,
/work/vmo703/igrmonty_outputs/m87/spectrum_Sa+0.94_5000_RBETAwJET_rh160_pos1.h5,4 (RBETAwJET),4.0,2.0,0.1,0.0,10.0,0.1,50.0,1.0,YES,YES,no,
/work/vmo703/igrmonty_outputs/m87/spectrum_Sa+0.94_6000_CRITBETAwJET_rh20_bc1_f0.5_pos0_trial01.h5,5 (CRITBETAwJET),5.0,2.0,0.1,0.0,10.0,0.1,50.0,1.0,YES,YES,no,
/work/vmo703/igrmonty_outputs/m87/spectrum_Sa+0.94_6000_CRITBETAwJET_rh20_bc1_f0.5_pos1_trial01.h5,5 (CRITBETAwJET),5.0,2.0,0.1,0.0,10.0,0.1,50.0,1.0,YES,YES,no,
/work/vmo703/igrmonty_outputs/m87/spectrum_Sa+0.94_6000_CRITBETAwJET_rh20_bc1_f0.5_pos1_trial02.h5,5 (CRITBETAwJET),5.0,2.0,0.1,0.0,10.0,0.1,50.0,1.0,YES,YES,no,
/work/vmo703/igrmonty_outputs/m87/spectrum_Sa+0.94_6000_RBETAwJET_rh160_pos0.h5,4 (RBETAwJET),4.0,2.0,0.1,0.0,10.0,0.1,50.0,1.0,YES,YES,no,
/work/vmo703/igrmonty_outputs/m87/spectrum_Sa+0.94_6000_RBETAwJET_rh160_pos1.h5,4 (RBETAwJET),4.0,2.0,0.1,0.0,10.0,0.1,50.0,1.0,YES,YES,no,
/work/vmo703/igrmonty_outputs/m87/spectrum_Sa-0.5_4000_CRITBETAwJET_rh20_bc1_f0.5_pos0.h5,5 (CRITBETAwJET),5.0,2.0,0.1,0.0,10.0,0.1,50.0,1.0,YES,YES,no,
/work/vmo703/igrmonty_outputs/m87/spectrum_Sa-0.5_4000_CRITBETAwJET_rh20_bc1_f0.5_pos1.h5,5 (CRITBETAwJET),5.0,2.0,0.1,0.0,10.0,0.1,50.0,1.0,YES,YES,no,
/work/vmo703/igrmonty_outputs/m87/spectrum_Sa-0.5_4000_RBETAwJET_rh160_pos0.h5,4 (RBETAwJET),4.0,2.0,0.1,0.0,10.0,0.1,50.0,1.0,YES,YES,no,
/work/vmo703/igrmonty_outputs/m87/spectrum_Sa-0.5_4000_RBETAwJET_rh160_pos1.h5,4 (RBETAwJET),4.0,2.0,0.1,0.0,10.0,0.1,50.0,1.0,YES,YES,no,
/work/vmo703/igrmonty_outputs/m87/spectrum_Sa-0.5_5000_CRITBETAwJET_rh20_bc1_f0.5_pos0.h5,5 (CRITBETAwJET),5.0,2.0,0.1,0.0,10.0,0.1,50.0,1.0,YES,YES,no,
/work/vmo703/igrmonty_outputs/m87/spectrum_Sa-0.5_5000_CRITBETAwJET_rh20_bc1_f0.5_pos1.h5,5 (CRITBETAwJET),5.0,2.0,0.1,0.0,10.0,0.1,50.0,1.0,YES,YES,no,
/work/vmo703/igrmonty_outputs/m87/spectrum_Sa-0.5_5000_RBETAwJET_rh160_pos0.h5,4 (RBETAwJET),4.0,2.0,0.1,0.0,10.0,0.1,50.0,1.0,YES,YES,no,
/work/vmo703/igrmonty_outputs/m87/spectrum_Sa-0.5_5000_RBETAwJET_rh160_pos1.h5,4 (RBETAwJET),4.0,2.0,0.1,0.0,10.0,0.1,50.0,1.0,YES,YES,no,
/work/vmo703/igrmonty_outputs/m87/spectrum_Sa-0.5_5000_RBETAwJET_rh160_pos1_trial01.h5,4 (RBETAwJET),4.0,2.0,0.1,0.0,10.0,0.1,50.0,1.0,YES,YES,no,
/work/vmo703/igrmonty_outputs/m87/spectrum_Sa-0.5_6000_CRITBETAwJET_rh20_bc1_f0.5_pos0.h5,5 (CRITBETAwJET),5.0,2.0,0.1,0.0,10.0,0.1,50.0,1.0,YES,YES,no,
/work/vmo703/igrmonty_outputs/m87/spectrum_Sa-0.5_6000_CRITBETAwJET_rh20_bc1_f0.5_pos1.h5,5 (CRITBETAwJET),5.0,2.0,0.1,0.0,10.0,0.1,50.0,1.0,YES,YES,no,
/work/vmo703/igrmonty_outputs/m87/spectrum_Sa-0.5_6000_RBETAwJET_rh160_pos0.h5,4 (RBETAwJET),4.0,2.0,0.1,0.0,10.0,0.1,50.0,1.0,YES,YES,no,
/work/vmo703/igrmonty_outputs/m87/spectrum_Sa-0.5_6000_RBETAwJET_rh160_pos1.h5,4 (RBETAwJET),4.0,2.0,0.1,0.0,10.0,0.1,50.0,1.0,YES,YES,no,
/work/vmo703/igrmonty_outputs/m87/test_scrap/spectrum_Sa-0.5_4000_RBETAwJET_pos0_trial06.h5,4 (RBETAwJET),4.0,1.0,0.1,1.0,,,,,no (inert defaults),no,no,
