row_id,dump_index,timestep,state,model,spin,Rhigh,f,beta_crit,Munit,MunitOffset,MunitSlope,MunitUsed_pos0,MunitUsed_pos1,converged,notes,bias_jul_pos0,bias_jul_pos1
0,4000,20000,SANE,RBETAwJET,-0.5,160,,,1.83e+27,8.212985934208588e+28,88.37439759644391,3.72628145e+28,2.33153833e+28,True,requested: Rbeta/wjet SANE Rlow=1 Rhigh=160; source=paper_output_dedupe row_id=129; munit=jul2026 pre_bugfix h5,6.62672,5.43679
1,5000,25000,SANE,RBETAwJET,-0.5,160,,,1.83e+27,4.259360646280212e+28,47.33133418419413,4.33350115e+28,2.80515165e+28,True,requested: Rbeta/wjet SANE Rlow=1 Rhigh=160; source=paper_output_dedupe row_id=130; munit=jul2026 pre_bugfix h5,3.61088,4.60539
2,6000,30000,SANE,RBETAwJET,-0.5,160,,,1.83e+27,6.195554061323047e+28,78.380050985486,8.79848295e+28,5.52174851e+28,True,requested: Rbeta/wjet SANE Rlow=1 Rhigh=160; source=paper_output_dedupe row_id=131; munit=jul2026 pre_bugfix h5,7.91133,10.236
3,4000,20000,SANE,RBETAwJET,0.94,160,,,1.83e+27,2.229399147745709e+27,2.729971138449986,2.90512620e+27,1.78118234e+27,True,requested: Rbeta/wjet SANE Rlow=1 Rhigh=160; source=paper_output_dedupe row_id=141; munit=jul2026 pre_bugfix h5,3.14997,2.92133
4,5000,25000,SANE,RBETAwJET,0.94,160,,,1.83e+27,1.6939770300184364e+27,2.074329491793204,1.99440691e+27,1.20993354e+27,True,requested: Rbeta/wjet SANE Rlow=1 Rhigh=160; source=paper_output_dedupe row_id=142; munit=jul2026 pre_bugfix h5,2.38533,2.72643
5,6000,30000,SANE,RBETAwJET,0.94,160,,,1.83e+27,1.7714714329206765e+27,2.473590894860245,2.02283355e+27,1.23886548e+27,True,requested: Rbeta/wjet SANE Rlow=1 Rhigh=160; source=paper_output_dedupe row_id=143; munit=jul2026 pre_bugfix h5,1.67033,1.57163
6,4000,20000,MAD,RBETA,-0.5,20,,,7.49e+24,1.3e+25,2.8,4.50143011e+25,2.79518669e+25,True,requested: Rbeta MAD Rlow=1 Rhigh=20; source=paper_output_dedupe row_id=72; munit=jul2026 pre_bugfix h5,0.16875,0.16875
7,5000,25000,MAD,RBETA,-0.5,20,,,7.49e+24,1.3e+25,5.0,5.47839678e+25,3.35109355e+25,True,requested: Rbeta MAD Rlow=1 Rhigh=20; source=paper_output_dedupe row_id=73; munit=jul2026 pre_bugfix h5,0.16875,0.16875
8,6000,30000,MAD,RBETA,-0.5,20,,,7.49e+24,2.4e+25,4.7,7.19021611e+25,4.45011977e+25,True,requested: Rbeta MAD Rlow=1 Rhigh=20; source=paper_output_dedupe row_id=74; munit=jul2026 pre_bugfix h5,0.1125,0.1125
9,4000,20000,MAD,RBETA,0.94,20,,,7.49e+24,4.4999999999999997e+24,1.2,1.04489084e+25,6.27086419e+24,True,requested: Rbeta MAD Rlow=1 Rhigh=20; source=paper_output_dedupe row_id=84; munit=jul2026 pre_bugfix h5,0.05,0.05
10,5000,25000,MAD,RBETA,0.94,20,,,7.49e+24,4.999999999999999e+24,1.9,1.44588445e+25,8.65851127e+24,True,requested: Rbeta MAD Rlow=1 Rhigh=20; source=paper_output_dedupe row_id=85; munit=jul2026 pre_bugfix h5,0.05,0.05
11,6000,30000,MAD,RBETA,0.94,20,,,7.49e+24,8e+24,3.0,1.89656907e+25,1.13791142e+25,True,requested: Rbeta MAD Rlow=1 Rhigh=20; source=paper_output_dedupe row_id=86; munit=jul2026 pre_bugfix h5,0.05,0.05
12,4000,20000,SANE,CRITBETAwJET,-0.5,20,0.5,1,1.83e+27,1.7e+28,21.0,3.81220332e+28,2.42464766e+28,True,requested: Crit-beta/wjet SANE f=0.5 beta_crit=1; Rhigh is a positive placeholder ignored by CRITBETA modes; source=paper_output_dedupe row_id=96; munit=jul2026 pre_bugfix h5,5.19244,4.42158
13,5000,25000,SANE,CRITBETAwJET,-0.5,20,0.5,1,1.83e+27,7.5e+27,20.0,4.23715777e+28,2.72083594e+28,True,requested: Crit-beta/wjet SANE f=0.5 beta_crit=1; Rhigh is a positive placeholder ignored by CRITBETA modes; source=paper_output_dedupe row_id=97; munit=jul2026 pre_bugfix h5,5.15187,6.86595
14,6000,30000,SANE,CRITBETAwJET,-0.5,20,0.5,1,1.83e+27,1.5e+28,20.0,8.20030883e+28,5.31216886e+28,True,requested: Crit-beta/wjet SANE f=0.5 beta_crit=1; Rhigh is a positive placeholder ignored by CRITBETA modes; source=paper_output_dedupe row_id=98; munit=jul2026 pre_bugfix h5,5.68205,5.21641
15,4000,20000,SANE,CRITBETAwJET,0.94,20,0.5,1,1.83e+27,1.5000000000000002e+27,1.1,1.08359878e+27,6.85123657e+26,True,requested: Crit-beta/wjet SANE f=0.5 beta_crit=1; Rhigh is a positive placeholder ignored by CRITBETA modes; source=paper_output_dedupe row_id=108; munit=jul2026 pre_bugfix h5,0.3375,0.3375
16,5000,25000,SANE,CRITBETAwJET,0.94,20,0.5,1,1.83e+27,1.2000000000000001e+27,0.8,1.42177048e+27,9.03279238e+26,True,requested: Crit-beta/wjet SANE f=0.5 beta_crit=1; Rhigh is a positive placeholder ignored by CRITBETA modes; source=paper_output_dedupe row_id=109; munit=jul2026 pre_bugfix h5,1.0125,0.675
17,6000,30000,SANE,CRITBETAwJET,0.94,20,0.5,1,1.83e+27,1.2000000000000001e+27,1.2,1.40942030e+27,8.64515570e+26,True,requested: Crit-beta/wjet SANE f=0.5 beta_crit=1; Rhigh is a positive placeholder ignored by CRITBETA modes; source=paper_output_dedupe row_id=110; munit=jul2026 pre_bugfix h5,1.0125,0.759251
18,4000,20000,MAD,CRITBETA,-0.5,20,0.5,0.01,7.49e+24,7.441989678418029e+24,3.85775093918822,5.27879435e+25,3.00007271e+25,True,requested: Crit-beta MAD f=0.5 beta_crit=0.01; Rhigh is a positive placeholder ignored by CRITBETA modes; source=paper_output_critbeta row_id=19; munit=jul2026 pre_bugfix h5,0.05,0.05
19,5000,25000,MAD,CRITBETA,-0.5,20,0.5,0.01,7.49e+24,1.0490337372085662e+25,5.437942082468383,6.81248514e+25,3.86226390e+25,True,requested: Crit-beta MAD f=0.5 beta_crit=0.01; Rhigh is a positive placeholder ignored by CRITBETA modes; source=paper_output_critbeta row_id=49; munit=jul2026 pre_bugfix h5,0.05,0.05
20,6000,30000,MAD,CRITBETA,-0.5,20,0.5,0.01,7.49e+24,1.4881947408472306e+25,7.1689171004683425,9.38780636e+25,5.40189743e+25,True,requested: Crit-beta MAD f=0.5 beta_crit=0.01; Rhigh is a positive placeholder ignored by CRITBETA modes; source=paper_output_critbeta row_id=81; munit=jul2026 pre_bugfix h5,0.05,0.05
21,4000,20000,MAD,CRITBETA,0.94,20,0.5,0.01,7.49e+24,3.414465112635015e+24,1.531143504948278,9.01887773e+24,4.84718288e+24,True,requested: Crit-beta MAD f=0.5 beta_crit=0.01; Rhigh is a positive placeholder ignored by CRITBETA modes; source=paper_output_critbeta row_id=21; munit=jul2026 pre_bugfix h5,0.05,0.05
22,5000,25000,MAD,CRITBETA,0.94,20,0.5,0.01,7.49e+24,4.992704461357304e+24,1.9484739234940716,1.29669709e+25,6.82372910e+24,True,requested: Crit-beta MAD f=0.5 beta_crit=0.01; Rhigh is a positive placeholder ignored by CRITBETA modes; source=paper_output_critbeta row_id=55; munit=jul2026 pre_bugfix h5,0.05,0.05
23,6000,30000,MAD,CRITBETA,0.94,20,0.5,0.01,7.49e+24,6.948146788933091e+24,3.6017544983107412,1.76915367e+25,9.38480278e+24,True,requested: Crit-beta MAD f=0.5 beta_crit=0.01; Rhigh is a positive placeholder ignored by CRITBETA modes; source=paper_output_critbeta row_id=85; munit=jul2026 pre_bugfix h5,0.05,0.05
24,4000,20000,MAD,RBETAwJET,0.94,80,,,7.49000000e+24,,,7.44334189e+24,4.37018984e+24,False,"staged 2026-09-09: new MAD wJET production branch, paper-literal P_B (constant_beta_paper_literal=1 via WJET_DEFAULTS); warm start = P31 M_unit rescaled by paperlit F230=1.64Jy; pos1 via median MAD ratio",,
25,5000,25000,MAD,RBETAwJET,0.94,80,,,7.49000000e+24,,,7.44334189e+24,4.37018984e+24,False,"staged 2026-09-09: new MAD wJET production branch, paper-literal P_B (constant_beta_paper_literal=1 via WJET_DEFAULTS); warm start = P31 M_unit rescaled by paperlit F230=1.64Jy; pos1 via median MAD ratio",,
26,6000,30000,MAD,RBETAwJET,0.94,80,,,7.49000000e+24,,,7.44334189e+24,4.37018984e+24,False,"staged 2026-09-09: new MAD wJET production branch, paper-literal P_B (constant_beta_paper_literal=1 via WJET_DEFAULTS); warm start = P31 M_unit rescaled by paperlit F230=1.64Jy; pos1 via median MAD ratio",,
27,4000,20000,MAD,RBETAwJET,-0.5,80,,,7.49000000e+24,,,7.44334189e+24,4.37018984e+24,False,"staged 2026-09-09: new MAD wJET production branch, paper-literal P_B (constant_beta_paper_literal=1 via WJET_DEFAULTS); warm start = P31 M_unit rescaled by paperlit F230=1.64Jy; pos1 via median MAD ratio",,
28,5000,25000,MAD,RBETAwJET,-0.5,80,,,7.49000000e+24,,,7.44334189e+24,4.37018984e+24,False,"staged 2026-09-09: new MAD wJET production branch, paper-literal P_B (constant_beta_paper_literal=1 via WJET_DEFAULTS); warm start = P31 M_unit rescaled by paperlit F230=1.64Jy; pos1 via median MAD ratio",,
29,6000,30000,MAD,RBETAwJET,-0.5,80,,,7.49000000e+24,,,7.44334189e+24,4.37018984e+24,False,"staged 2026-09-09: new MAD wJET production branch, paper-literal P_B (constant_beta_paper_literal=1 via WJET_DEFAULTS); warm start = P31 M_unit rescaled by paperlit F230=1.64Jy; pos1 via median MAD ratio",,
30,4000,20000,MAD,CRITBETAwJET,0.94,20,0.5,0.01,7.49e+24,,,9.01887773e+24,4.84718288e+24,False,"staged 2026-10-01: MAD CRITBETAwJET completes the 2x3 factorial (base x {MAD-plain, MAD+wJET, SANE+wJET}); warm start = plain MAD CRITBETA tuned M_unit; fixed-bias wave (MAD-crit fitter anomaly)",,
31,5000,25000,MAD,CRITBETAwJET,0.94,20,0.5,0.01,7.49e+24,,,1.29669709e+25,6.82372910e+24,False,"staged 2026-10-01: MAD CRITBETAwJET completes the 2x3 factorial (base x {MAD-plain, MAD+wJET, SANE+wJET}); warm start = plain MAD CRITBETA tuned M_unit; fixed-bias wave (MAD-crit fitter anomaly)",,
32,6000,30000,MAD,CRITBETAwJET,0.94,20,0.5,0.01,7.49e+24,,,1.76915367e+25,9.38480278e+24,False,"staged 2026-10-01: MAD CRITBETAwJET completes the 2x3 factorial (base x {MAD-plain, MAD+wJET, SANE+wJET}); warm start = plain MAD CRITBETA tuned M_unit; fixed-bias wave (MAD-crit fitter anomaly)",,
33,4000,20000,MAD,CRITBETAwJET,-0.5,20,0.5,0.01,7.49e+24,,,5.27879435e+25,3.00007271e+25,False,"staged 2026-10-01: MAD CRITBETAwJET completes the 2x3 factorial (base x {MAD-plain, MAD+wJET, SANE+wJET}); warm start = plain MAD CRITBETA tuned M_unit; fixed-bias wave (MAD-crit fitter anomaly)",,
34,5000,25000,MAD,CRITBETAwJET,-0.5,20,0.5,0.01,7.49e+24,,,6.81248514e+25,3.86226390e+25,False,"staged 2026-10-01: MAD CRITBETAwJET completes the 2x3 factorial (base x {MAD-plain, MAD+wJET, SANE+wJET}); warm start = plain MAD CRITBETA tuned M_unit; fixed-bias wave (MAD-crit fitter anomaly)",,
35,6000,30000,MAD,CRITBETAwJET,-0.5,20,0.5,0.01,7.49e+24,,,9.38780636e+25,5.40189743e+25,False,"staged 2026-10-01: MAD CRITBETAwJET completes the 2x3 factorial (base x {MAD-plain, MAD+wJET, SANE+wJET}); warm start = plain MAD CRITBETA tuned M_unit; fixed-bias wave (MAD-crit fitter anomaly)",,
